--- 2019-06-26 10:30:40 
--- Staring script... 
Batch UpdateAllPlugins started. 
  
--- 2019-06-26 10:30:40.19 
Checking servers... 
Checking presence of h:\DeskPack18_A5\buildnumber.txt 
Servers seem to be connected. 
Checking if Illustrator is running... 
Checking if Illustrator is running. 1... 
--- 2019-06-26 10:30:43.40 
 
Copying plugins... 
Copying from h:\DeskPack18_A5\NDL\Win_AI23\Data Exchange\NDL Kernel 
to c:\Program Files\Adobe\Adobe Illustrator CC 2019\Plug-ins\Esko\Data Exchange\NDL Kernel 

-------------------------------------------------------------------------------
   ROBOCOPY     ::     Robust File Copy for Windows                              
-------------------------------------------------------------------------------

  Started : Wednesday, June 26, 2019 10:30:43 AM
   Source : h:\DeskPack18_A5\NDL\Win_AI23\Data Exchange\NDL Kernel\
     Dest : c:\Program Files\Adobe\Adobe Illustrator CC 2019\Plug-ins\Esko\Data Exchange\NDL Kernel\

    Files : *.*
	    
  Options : *.* /S /DCOPY:DA /COPY:DAT /Z /XO /R:0 /W:0 

------------------------------------------------------------------------------

	                   1	h:\DeskPack18_A5\NDL\Win_AI23\Data Exchange\NDL Kernel\

------------------------------------------------------------------------------

               Total    Copied   Skipped  Mismatch    FAILED    Extras
    Dirs :         1         0         1         0         0         0
   Files :         1         0         1         0         0         0
   Bytes :   39.62 m         0   39.62 m         0         0         0
   Times :   0:00:00   0:00:00                       0:00:00   0:00:00
   Ended : Wednesday, June 26, 2019 10:30:44 AM

*** Nothing to copy. 
Copying from h:\DeskPack18_A5\NDL\Win_AI23\Automated Testers 
to c:\Program Files\Adobe\Adobe Illustrator CC 2019\Plug-ins\Esko\Automated Testers 

-------------------------------------------------------------------------------
   ROBOCOPY     ::     Robust File Copy for Windows                              
-------------------------------------------------------------------------------

  Started : Wednesday, June 26, 2019 10:30:44 AM
   Source : h:\DeskPack18_A5\NDL\Win_AI23\Automated Testers\
     Dest : c:\Program Files\Adobe\Adobe Illustrator CC 2019\Plug-ins\Esko\Automated Testers\

    Files : *.*
	    
  Options : *.* /S /DCOPY:DA /COPY:DAT /Z /XO /R:0 /W:0 

------------------------------------------------------------------------------

	                   1	h:\DeskPack18_A5\NDL\Win_AI23\Automated Testers\
	  *EXTRA File 		  170496	TrappingTester_WAI23r.aip

------------------------------------------------------------------------------

               Total    Copied   Skipped  Mismatch    FAILED    Extras
    Dirs :         1         0         1         0         0         0
   Files :         1         0         1         0         0         1
   Bytes :   406.5 k         0   406.5 k         0         0   166.5 k
   Times :   0:00:01   0:00:00                       0:00:00   0:00:01
   Ended : Wednesday, June 26, 2019 10:30:46 AM

### 2 Difference or error 
Copying from h:\DeskPack18_A5\NDL\Win_AI23\Trapping 
to c:\Program Files\Adobe\Adobe Illustrator CC 2019\Plug-ins\Esko\Trapping 

-------------------------------------------------------------------------------
   ROBOCOPY     ::     Robust File Copy for Windows                              
-------------------------------------------------------------------------------

  Started : Wednesday, June 26, 2019 10:30:46 AM
   Source : h:\DeskPack18_A5\NDL\Win_AI23\Trapping\
     Dest : c:\Program Files\Adobe\Adobe Illustrator CC 2019\Plug-ins\Esko\Trapping\

    Files : *.*
	    
  Options : *.* /S /DCOPY:DA /COPY:DAT /Z /XO /R:0 /W:0 

------------------------------------------------------------------------------

	                   1	h:\DeskPack18_A5\NDL\Win_AI23\Trapping\

------------------------------------------------------------------------------

               Total    Copied   Skipped  Mismatch    FAILED    Extras
    Dirs :         1         0         1         0         0         0
   Files :         1         0         1         0         0         0
   Bytes :   693.0 k         0   693.0 k         0         0         0
   Times :   0:00:00   0:00:00                       0:00:00   0:00:00
   Ended : Wednesday, June 26, 2019 10:30:47 AM

*** Nothing to copy. 
Copying from h:\DeskPack18_A5\NDL\Win_AI23\Viewer 
to c:\Program Files\Adobe\Adobe Illustrator CC 2019\Plug-ins\Esko\Viewer 

-------------------------------------------------------------------------------
   ROBOCOPY     ::     Robust File Copy for Windows                              
-------------------------------------------------------------------------------

  Started : Wednesday, June 26, 2019 10:30:47 AM
   Source : h:\DeskPack18_A5\NDL\Win_AI23\Viewer\
     Dest : c:\Program Files\Adobe\Adobe Illustrator CC 2019\Plug-ins\Esko\Viewer\

    Files : *.*
	    
  Options : *.* /S /DCOPY:DA /COPY:DAT /Z /XO /R:0 /W:0 

------------------------------------------------------------------------------

	                   1	h:\DeskPack18_A5\NDL\Win_AI23\Viewer\

------------------------------------------------------------------------------

               Total    Copied   Skipped  Mismatch    FAILED    Extras
    Dirs :         1         0         1         0         0         0
   Files :         1         0         1         0         0         0
   Bytes :   689.0 k         0   689.0 k         0         0         0
   Times :   0:00:00   0:00:00                       0:00:00   0:00:00
   Ended : Wednesday, June 26, 2019 10:30:48 AM

*** Nothing to copy. 
Copying from h:\DeskPack18_A5\NDL\Win_AI23\Dynamic Tables 
to c:\Program Files\Adobe\Adobe Illustrator CC 2019\Plug-ins\Esko\Dynamic Tables 

-------------------------------------------------------------------------------
   ROBOCOPY     ::     Robust File Copy for Windows                              
-------------------------------------------------------------------------------

  Started : Wednesday, June 26, 2019 10:30:49 AM
   Source : h:\DeskPack18_A5\NDL\Win_AI23\Dynamic Tables\
     Dest : c:\Program Files\Adobe\Adobe Illustrator CC 2019\Plug-ins\Esko\Dynamic Tables\

    Files : *.*
	    
  Options : *.* /S /DCOPY:DA /COPY:DAT /Z /XO /R:0 /W:0 

------------------------------------------------------------------------------

	                   1	h:\DeskPack18_A5\NDL\Win_AI23\Dynamic Tables\

------------------------------------------------------------------------------

               Total    Copied   Skipped  Mismatch    FAILED    Extras
    Dirs :         1         0         1         0         0         0
   Files :         1         0         1         0         0         0
   Bytes :    3.28 m         0    3.28 m         0         0         0
   Times :   0:00:00   0:00:00                       0:00:00   0:00:00
   Ended : Wednesday, June 26, 2019 10:30:50 AM

*** Nothing to copy. 
Copying from h:\DeskPack18_A5\NDL\Win_AI23\Dynamic Marks 
to c:\Program Files\Adobe\Adobe Illustrator CC 2019\Plug-ins\Esko\Dynamic Marks 

-------------------------------------------------------------------------------
   ROBOCOPY     ::     Robust File Copy for Windows                              
-------------------------------------------------------------------------------

  Started : Wednesday, June 26, 2019 10:30:50 AM
   Source : h:\DeskPack18_A5\NDL\Win_AI23\Dynamic Marks\
     Dest : c:\Program Files\Adobe\Adobe Illustrator CC 2019\Plug-ins\Esko\Dynamic Marks\

    Files : *.*
	    
  Options : *.* /S /DCOPY:DA /COPY:DAT /Z /XO /R:0 /W:0 

------------------------------------------------------------------------------

	                   1	h:\DeskPack18_A5\NDL\Win_AI23\Dynamic Marks\

------------------------------------------------------------------------------

               Total    Copied   Skipped  Mismatch    FAILED    Extras
    Dirs :         1         0         1         0         0         0
   Files :         1         0         1         0         0         0
   Bytes :    4.00 m         0    4.00 m         0         0         0
   Times :   0:00:00   0:00:00                       0:00:00   0:00:00
   Ended : Wednesday, June 26, 2019 10:30:51 AM

*** Nothing to copy. 
Copying from h:\DeskPack18_A5\NDL\Win_AI23\Dynamic Content 
to c:\Program Files\Adobe\Adobe Illustrator CC 2019\Plug-ins\Esko\Dynamic Content 

-------------------------------------------------------------------------------
   ROBOCOPY     ::     Robust File Copy for Windows                              
-------------------------------------------------------------------------------

  Started : Wednesday, June 26, 2019 10:30:51 AM
   Source : h:\DeskPack18_A5\NDL\Win_AI23\Dynamic Content\
     Dest : c:\Program Files\Adobe\Adobe Illustrator CC 2019\Plug-ins\Esko\Dynamic Content\

    Files : *.*
	    
  Options : *.* /S /DCOPY:DA /COPY:DAT /Z /XO /R:0 /W:0 

------------------------------------------------------------------------------

	                   1	h:\DeskPack18_A5\NDL\Win_AI23\Dynamic Content\

------------------------------------------------------------------------------

               Total    Copied   Skipped  Mismatch    FAILED    Extras
    Dirs :         1         0         1         0         0         0
   Files :         1         0         1         0         0         0
   Bytes :    4.20 m         0    4.20 m         0         0         0
   Times :   0:00:00   0:00:00                       0:00:00   0:00:00
   Ended : Wednesday, June 26, 2019 10:30:52 AM

*** Nothing to copy. 
Copying from h:\DeskPack18_A5\NDL\Win_AI23\Dynamic Barcodes 
to c:\Program Files\Adobe\Adobe Illustrator CC 2019\Plug-ins\Esko\Dynamic Barcodes 

-------------------------------------------------------------------------------
   ROBOCOPY     ::     Robust File Copy for Windows                              
-------------------------------------------------------------------------------

  Started : Wednesday, June 26, 2019 10:30:52 AM
   Source : h:\DeskPack18_A5\NDL\Win_AI23\Dynamic Barcodes\
     Dest : c:\Program Files\Adobe\Adobe Illustrator CC 2019\Plug-ins\Esko\Dynamic Barcodes\

    Files : *.*
	    
  Options : *.* /S /DCOPY:DA /COPY:DAT /Z /XO /R:0 /W:0 

------------------------------------------------------------------------------

	                   1	h:\DeskPack18_A5\NDL\Win_AI23\Dynamic Barcodes\

------------------------------------------------------------------------------

               Total    Copied   Skipped  Mismatch    FAILED    Extras
    Dirs :         1         0         1         0         0         0
   Files :         1         0         1         0         0         0
   Bytes :    3.42 m         0    3.42 m         0         0         0
   Times :   0:00:00   0:00:00                       0:00:00   0:00:00
   Ended : Wednesday, June 26, 2019 10:30:53 AM

*** Nothing to copy. 
Copying from h:\DeskPack18_A5\NDL\Win_AI23\Data Exchange\Dynamic Marks Core 
to c:\Program Files\Adobe\Adobe Illustrator CC 2019\Plug-ins\Esko\Data Exchange\Dynamic Marks Core 

-------------------------------------------------------------------------------
   ROBOCOPY     ::     Robust File Copy for Windows                              
-------------------------------------------------------------------------------

  Started : Wednesday, June 26, 2019 10:30:53 AM
   Source : h:\DeskPack18_A5\NDL\Win_AI23\Data Exchange\Dynamic Marks Core\
     Dest : c:\Program Files\Adobe\Adobe Illustrator CC 2019\Plug-ins\Esko\Data Exchange\Dynamic Marks Core\

    Files : *.*
	    
  Options : *.* /S /DCOPY:DA /COPY:DAT /Z /XO /R:0 /W:0 

------------------------------------------------------------------------------

	                   1	h:\DeskPack18_A5\NDL\Win_AI23\Data Exchange\Dynamic Marks Core\

------------------------------------------------------------------------------

               Total    Copied   Skipped  Mismatch    FAILED    Extras
    Dirs :         1         0         1         0         0         0
   Files :         1         0         1         0         0         0
   Bytes :    1.06 m         0    1.06 m         0         0         0
   Times :   0:00:00   0:00:00                       0:00:00   0:00:00
   Ended : Wednesday, June 26, 2019 10:30:54 AM

*** Nothing to copy. 
Copying from h:\DeskPack18_A5\AI\Win_AI23\Esko\ai-cut 
to c:\Program Files\Adobe\Adobe Illustrator CC 2019\Plug-ins\Esko\ai-cut 

-------------------------------------------------------------------------------
   ROBOCOPY     ::     Robust File Copy for Windows                              
-------------------------------------------------------------------------------

  Started : Wednesday, June 26, 2019 10:30:54 AM
   Source : h:\DeskPack18_A5\AI\Win_AI23\Esko\ai-cut\
     Dest : c:\Program Files\Adobe\Adobe Illustrator CC 2019\Plug-ins\Esko\ai-cut\

    Files : *.*
	    
  Options : *.* /S /DCOPY:DA /COPY:DAT /Z /XO /R:0 /W:0 

------------------------------------------------------------------------------

	                   1	h:\DeskPack18_A5\AI\Win_AI23\Esko\ai-cut\

------------------------------------------------------------------------------

               Total    Copied   Skipped  Mismatch    FAILED    Extras
    Dirs :         1         0         1         0         0         0
   Files :         1         0         1         0         0         0
   Bytes :   758.0 k         0   758.0 k         0         0         0
   Times :   0:00:00   0:00:00                       0:00:00   0:00:00
   Ended : Wednesday, June 26, 2019 10:30:56 AM

*** Nothing to copy. 
Copying from h:\DeskPack18_A5\AI\Win_AI23\Esko\ArtBrowser 
to c:\Program Files\Adobe\Adobe Illustrator CC 2019\Plug-ins\Esko\ArtBrowser 

-------------------------------------------------------------------------------
   ROBOCOPY     ::     Robust File Copy for Windows                              
-------------------------------------------------------------------------------

  Started : Wednesday, June 26, 2019 10:30:56 AM
   Source : h:\DeskPack18_A5\AI\Win_AI23\Esko\ArtBrowser\
     Dest : c:\Program Files\Adobe\Adobe Illustrator CC 2019\Plug-ins\Esko\ArtBrowser\

    Files : *.*
	    
  Options : *.* /S /DCOPY:DA /COPY:DAT /Z /XO /R:0 /W:0 

------------------------------------------------------------------------------

	                   1	h:\DeskPack18_A5\AI\Win_AI23\Esko\ArtBrowser\

------------------------------------------------------------------------------

               Total    Copied   Skipped  Mismatch    FAILED    Extras
    Dirs :         1         0         1         0         0         0
   Files :         1         0         1         0         0         0
   Bytes :   522.0 k         0   522.0 k         0         0         0
   Times :   0:00:00   0:00:00                       0:00:00   0:00:00
   Ended : Wednesday, June 26, 2019 10:30:57 AM

*** Nothing to copy. 
Skipping boostX...
Copying from h:\DeskPack18_A5\AI\Win_AI23\Esko\Channel Mapping 
to c:\Program Files\Adobe\Adobe Illustrator CC 2019\Plug-ins\Esko\Channel Mapping 

-------------------------------------------------------------------------------
   ROBOCOPY     ::     Robust File Copy for Windows                              
-------------------------------------------------------------------------------

  Started : Wednesday, June 26, 2019 10:30:57 AM
   Source : h:\DeskPack18_A5\AI\Win_AI23\Esko\Channel Mapping\
     Dest : c:\Program Files\Adobe\Adobe Illustrator CC 2019\Plug-ins\Esko\Channel Mapping\

    Files : *.*
	    
  Options : *.* /S /DCOPY:DA /COPY:DAT /Z /XO /R:0 /W:0 

------------------------------------------------------------------------------

	                   1	h:\DeskPack18_A5\AI\Win_AI23\Esko\Channel Mapping\

------------------------------------------------------------------------------

               Total    Copied   Skipped  Mismatch    FAILED    Extras
    Dirs :         1         0         1         0         0         0
   Files :         1         0         1         0         0         0
   Bytes :   475.5 k         0   475.5 k         0         0         0
   Times :   0:00:00   0:00:00                       0:00:00   0:00:00
   Ended : Wednesday, June 26, 2019 10:30:58 AM

*** Nothing to copy. 
Copying from h:\DeskPack18_A5\AI\Win_AI23\Esko\CHILI 
to c:\Program Files\Adobe\Adobe Illustrator CC 2019\Plug-ins\Esko\CHILI 

-------------------------------------------------------------------------------
   ROBOCOPY     ::     Robust File Copy for Windows                              
-------------------------------------------------------------------------------

  Started : Wednesday, June 26, 2019 10:30:58 AM
   Source : h:\DeskPack18_A5\AI\Win_AI23\Esko\CHILI\
     Dest : c:\Program Files\Adobe\Adobe Illustrator CC 2019\Plug-ins\Esko\CHILI\

    Files : *.*
	    
  Options : *.* /S /DCOPY:DA /COPY:DAT /Z /XO /R:0 /W:0 

------------------------------------------------------------------------------

	                   1	h:\DeskPack18_A5\AI\Win_AI23\Esko\CHILI\

------------------------------------------------------------------------------

               Total    Copied   Skipped  Mismatch    FAILED    Extras
    Dirs :         1         0         1         0         0         0
   Files :         1         0         1         0         0         0
   Bytes :    4.79 m         0    4.79 m         0         0         0
   Times :   0:00:00   0:00:00                       0:00:00   0:00:00
   Ended : Wednesday, June 26, 2019 10:30:59 AM

*** Nothing to copy. 
Copying from h:\DeskPack18_A5\AI\Win_AI23\Esko\Collection 
to c:\Program Files\Adobe\Adobe Illustrator CC 2019\Plug-ins\Esko\Collection 

-------------------------------------------------------------------------------
   ROBOCOPY     ::     Robust File Copy for Windows                              
-------------------------------------------------------------------------------

  Started : Wednesday, June 26, 2019 10:30:59 AM
   Source : h:\DeskPack18_A5\AI\Win_AI23\Esko\Collection\
     Dest : c:\Program Files\Adobe\Adobe Illustrator CC 2019\Plug-ins\Esko\Collection\

    Files : *.*
	    
  Options : *.* /S /DCOPY:DA /COPY:DAT /Z /XO /R:0 /W:0 

------------------------------------------------------------------------------

	                   1	h:\DeskPack18_A5\AI\Win_AI23\Esko\Collection\

------------------------------------------------------------------------------

               Total    Copied   Skipped  Mismatch    FAILED    Extras
    Dirs :         1         0         1         0         0         0
   Files :         1         0         1         0         0         0
   Bytes :    1.31 m         0    1.31 m         0         0         0
   Times :   0:00:00   0:00:00                       0:00:00   0:00:00
   Ended : Wednesday, June 26, 2019 10:31:00 AM

*** Nothing to copy. 
Copying from h:\DeskPack18_A5\AI\Win_AI23\Esko\Color Engine 
to c:\Program Files\Adobe\Adobe Illustrator CC 2019\Plug-ins\Esko\Color Engine 

-------------------------------------------------------------------------------
   ROBOCOPY     ::     Robust File Copy for Windows                              
-------------------------------------------------------------------------------

  Started : Wednesday, June 26, 2019 10:31:00 AM
   Source : h:\DeskPack18_A5\AI\Win_AI23\Esko\Color Engine\
     Dest : c:\Program Files\Adobe\Adobe Illustrator CC 2019\Plug-ins\Esko\Color Engine\

    Files : *.*
	    
  Options : *.* /S /DCOPY:DA /COPY:DAT /Z /XO /R:0 /W:0 

------------------------------------------------------------------------------

	                   1	h:\DeskPack18_A5\AI\Win_AI23\Esko\Color Engine\

------------------------------------------------------------------------------

               Total    Copied   Skipped  Mismatch    FAILED    Extras
    Dirs :         1         0         1         0         0         0
   Files :         1         0         1         0         0         0
   Bytes :   778.0 k         0   778.0 k         0         0         0
   Times :   0:00:00   0:00:00                       0:00:00   0:00:00
   Ended : Wednesday, June 26, 2019 10:31:01 AM

*** Nothing to copy. 
Copying from h:\DeskPack18_A5\AI\Win_AI23\Esko\Dynamic Art 
to c:\Program Files\Adobe\Adobe Illustrator CC 2019\Plug-ins\Esko\Dynamic Art 

-------------------------------------------------------------------------------
   ROBOCOPY     ::     Robust File Copy for Windows                              
-------------------------------------------------------------------------------

  Started : Wednesday, June 26, 2019 10:31:01 AM
   Source : h:\DeskPack18_A5\AI\Win_AI23\Esko\Dynamic Art\
     Dest : c:\Program Files\Adobe\Adobe Illustrator CC 2019\Plug-ins\Esko\Dynamic Art\

    Files : *.*
	    
  Options : *.* /S /DCOPY:DA /COPY:DAT /Z /XO /R:0 /W:0 

------------------------------------------------------------------------------

	                   1	h:\DeskPack18_A5\AI\Win_AI23\Esko\Dynamic Art\

------------------------------------------------------------------------------

               Total    Copied   Skipped  Mismatch    FAILED    Extras
    Dirs :         1         0         1         0         0         0
   Files :         1         0         1         0         0         0
   Bytes :    3.37 m         0    3.37 m         0         0         0
   Times :   0:00:00   0:00:00                       0:00:00   0:00:00
   Ended : Wednesday, June 26, 2019 10:31:03 AM

*** Nothing to copy. 
Copying from h:\DeskPack18_A5\AI\Win_AI23\Esko\Dynamic Panels 
to c:\Program Files\Adobe\Adobe Illustrator CC 2019\Plug-ins\Esko\Dynamic Panels 

-------------------------------------------------------------------------------
   ROBOCOPY     ::     Robust File Copy for Windows                              
-------------------------------------------------------------------------------

  Started : Wednesday, June 26, 2019 10:31:03 AM
   Source : h:\DeskPack18_A5\AI\Win_AI23\Esko\Dynamic Panels\
     Dest : c:\Program Files\Adobe\Adobe Illustrator CC 2019\Plug-ins\Esko\Dynamic Panels\

    Files : *.*
	    
  Options : *.* /S /DCOPY:DA /COPY:DAT /Z /XO /R:0 /W:0 

------------------------------------------------------------------------------

	                   1	h:\DeskPack18_A5\AI\Win_AI23\Esko\Dynamic Panels\

------------------------------------------------------------------------------

               Total    Copied   Skipped  Mismatch    FAILED    Extras
    Dirs :         1         0         1         0         0         0
   Files :         1         0         1         0         0         0
   Bytes :    1.51 m         0    1.51 m         0         0         0
   Times :   0:00:00   0:00:00                       0:00:00   0:00:00
   Ended : Wednesday, June 26, 2019 10:31:04 AM

*** Nothing to copy. 
Copying from h:\DeskPack18_A5\AI\Win_AI23\Esko\Dynamic VDP 
to c:\Program Files\Adobe\Adobe Illustrator CC 2019\Plug-ins\Esko\Dynamic VDP 

-------------------------------------------------------------------------------
   ROBOCOPY     ::     Robust File Copy for Windows                              
-------------------------------------------------------------------------------

  Started : Wednesday, June 26, 2019 10:31:04 AM
   Source : h:\DeskPack18_A5\AI\Win_AI23\Esko\Dynamic VDP\
     Dest : c:\Program Files\Adobe\Adobe Illustrator CC 2019\Plug-ins\Esko\Dynamic VDP\

    Files : *.*
	    
  Options : *.* /S /DCOPY:DA /COPY:DAT /Z /XO /R:0 /W:0 

------------------------------------------------------------------------------

	                   1	h:\DeskPack18_A5\AI\Win_AI23\Esko\Dynamic VDP\

------------------------------------------------------------------------------

               Total    Copied   Skipped  Mismatch    FAILED    Extras
    Dirs :         1         0         1         0         0         0
   Files :         1         0         1         0         0         0
   Bytes :    2.01 m         0    2.01 m         0         0         0
   Times :   0:00:00   0:00:00                       0:00:00   0:00:00
   Ended : Wednesday, June 26, 2019 10:31:05 AM

*** Nothing to copy. 
Copying from h:\DeskPack18_A5\AI\Win_AI23\Esko\Image Extractor 
to c:\Program Files\Adobe\Adobe Illustrator CC 2019\Plug-ins\Esko\Image Extractor 

-------------------------------------------------------------------------------
   ROBOCOPY     ::     Robust File Copy for Windows                              
-------------------------------------------------------------------------------

  Started : Wednesday, June 26, 2019 10:31:05 AM
   Source : h:\DeskPack18_A5\AI\Win_AI23\Esko\Image Extractor\
     Dest : c:\Program Files\Adobe\Adobe Illustrator CC 2019\Plug-ins\Esko\Image Extractor\

    Files : *.*
	    
  Options : *.* /S /DCOPY:DA /COPY:DAT /Z /XO /R:0 /W:0 

------------------------------------------------------------------------------

	                   1	h:\DeskPack18_A5\AI\Win_AI23\Esko\Image Extractor\

------------------------------------------------------------------------------

               Total    Copied   Skipped  Mismatch    FAILED    Extras
    Dirs :         1         0         1         0         0         0
   Files :         1         0         1         0         0         0
   Bytes :   544.5 k         0   544.5 k         0         0         0
   Times :   0:00:00   0:00:00                       0:00:00   0:00:00
   Ended : Wednesday, June 26, 2019 10:31:06 AM

*** Nothing to copy. 
Copying from h:\DeskPack18_A5\AI\Win_AI23\Esko\Image Optimize 
to c:\Program Files\Adobe\Adobe Illustrator CC 2019\Plug-ins\Esko\Image Optimize 

-------------------------------------------------------------------------------
   ROBOCOPY     ::     Robust File Copy for Windows                              
-------------------------------------------------------------------------------

  Started : Wednesday, June 26, 2019 10:31:06 AM
   Source : h:\DeskPack18_A5\AI\Win_AI23\Esko\Image Optimize\
     Dest : c:\Program Files\Adobe\Adobe Illustrator CC 2019\Plug-ins\Esko\Image Optimize\

    Files : *.*
	    
  Options : *.* /S /DCOPY:DA /COPY:DAT /Z /XO /R:0 /W:0 

------------------------------------------------------------------------------

	                   1	h:\DeskPack18_A5\AI\Win_AI23\Esko\Image Optimize\

------------------------------------------------------------------------------

               Total    Copied   Skipped  Mismatch    FAILED    Extras
    Dirs :         1         0         1         0         0         0
   Files :         1         0         1         0         0         0
   Bytes :   107.5 k         0   107.5 k         0         0         0
   Times :   0:00:00   0:00:00                       0:00:00   0:00:00
   Ended : Wednesday, June 26, 2019 10:31:07 AM

*** Nothing to copy. 
Copying from h:\DeskPack18_A5\AI\Win_AI23\Esko\Instant Trapper 
to c:\Program Files\Adobe\Adobe Illustrator CC 2019\Plug-ins\Esko\Instant Trapper 

-------------------------------------------------------------------------------
   ROBOCOPY     ::     Robust File Copy for Windows                              
-------------------------------------------------------------------------------

  Started : Wednesday, June 26, 2019 10:31:07 AM
   Source : h:\DeskPack18_A5\AI\Win_AI23\Esko\Instant Trapper\
     Dest : c:\Program Files\Adobe\Adobe Illustrator CC 2019\Plug-ins\Esko\Instant Trapper\

    Files : *.*
	    
  Options : *.* /S /DCOPY:DA /COPY:DAT /Z /XO /R:0 /W:0 

------------------------------------------------------------------------------

	                   1	h:\DeskPack18_A5\AI\Win_AI23\Esko\Instant Trapper\

------------------------------------------------------------------------------

               Total    Copied   Skipped  Mismatch    FAILED    Extras
    Dirs :         1         0         1         0         0         0
   Files :         1         0         1         0         0         0
   Bytes :   380.0 k         0   380.0 k         0         0         0
   Times :   0:00:00   0:00:00                       0:00:00   0:00:00
   Ended : Wednesday, June 26, 2019 10:31:08 AM

*** Nothing to copy. 
Copying from h:\DeskPack18_A5\AI\Win_AI23\Esko\Licensing 
to c:\Program Files\Adobe\Adobe Illustrator CC 2019\Plug-ins\Esko\Licensing 

-------------------------------------------------------------------------------
   ROBOCOPY     ::     Robust File Copy for Windows                              
-------------------------------------------------------------------------------

  Started : Wednesday, June 26, 2019 10:31:09 AM
   Source : h:\DeskPack18_A5\AI\Win_AI23\Esko\Licensing\
     Dest : c:\Program Files\Adobe\Adobe Illustrator CC 2019\Plug-ins\Esko\Licensing\

    Files : *.*
	    
  Options : *.* /S /DCOPY:DA /COPY:DAT /Z /XO /R:0 /W:0 

------------------------------------------------------------------------------

	                   1	h:\DeskPack18_A5\AI\Win_AI23\Esko\Licensing\

------------------------------------------------------------------------------

               Total    Copied   Skipped  Mismatch    FAILED    Extras
    Dirs :         1         0         1         0         0         0
   Files :         1         0         1         0         0         0
   Bytes :    8.65 m         0    8.65 m         0         0         0
   Times :   0:00:00   0:00:00                       0:00:00   0:00:00
   Ended : Wednesday, June 26, 2019 10:31:10 AM

*** Nothing to copy. 
Copying from h:\DeskPack18_A5\AI\Win_AI23\Esko\Notes 
to c:\Program Files\Adobe\Adobe Illustrator CC 2019\Plug-ins\Esko\Notes 

-------------------------------------------------------------------------------
   ROBOCOPY     ::     Robust File Copy for Windows                              
-------------------------------------------------------------------------------

  Started : Wednesday, June 26, 2019 10:31:10 AM
   Source : h:\DeskPack18_A5\AI\Win_AI23\Esko\Notes\
     Dest : c:\Program Files\Adobe\Adobe Illustrator CC 2019\Plug-ins\Esko\Notes\

    Files : *.*
	    
  Options : *.* /S /DCOPY:DA /COPY:DAT /Z /XO /R:0 /W:0 

------------------------------------------------------------------------------

	                   1	h:\DeskPack18_A5\AI\Win_AI23\Esko\Notes\

------------------------------------------------------------------------------

               Total    Copied   Skipped  Mismatch    FAILED    Extras
    Dirs :         1         0         1         0         0         0
   Files :         1         0         1         0         0         0
   Bytes :   413.5 k         0   413.5 k         0         0         0
   Times :   0:00:00   0:00:00                       0:00:00   0:00:00
   Ended : Wednesday, June 26, 2019 10:31:11 AM

*** Nothing to copy. 
Copying from h:\DeskPack18_A5\AI\Win_AI23\Esko\PDF Import 
to c:\Program Files\Adobe\Adobe Illustrator CC 2019\Plug-ins\Esko\PDF Import 

-------------------------------------------------------------------------------
   ROBOCOPY     ::     Robust File Copy for Windows                              
-------------------------------------------------------------------------------

  Started : Wednesday, June 26, 2019 10:31:11 AM
   Source : h:\DeskPack18_A5\AI\Win_AI23\Esko\PDF Import\
     Dest : c:\Program Files\Adobe\Adobe Illustrator CC 2019\Plug-ins\Esko\PDF Import\

    Files : *.*
	    
  Options : *.* /S /DCOPY:DA /COPY:DAT /Z /XO /R:0 /W:0 

------------------------------------------------------------------------------

	                   1	h:\DeskPack18_A5\AI\Win_AI23\Esko\PDF Import\

------------------------------------------------------------------------------

               Total    Copied   Skipped  Mismatch    FAILED    Extras
    Dirs :         1         0         1         0         0         0
   Files :         1         0         1         0         0         0
   Bytes :   283.0 k         0   283.0 k         0         0         0
   Times :   0:00:00   0:00:00                       0:00:00   0:00:00
   Ended : Wednesday, June 26, 2019 10:31:12 AM

*** Nothing to copy. 
Copying from h:\DeskPack18_A5\AI\Win_AI23\Esko\PitStop 
to c:\Program Files\Adobe\Adobe Illustrator CC 2019\Plug-ins\Esko\PitStop 

-------------------------------------------------------------------------------
   ROBOCOPY     ::     Robust File Copy for Windows                              
-------------------------------------------------------------------------------

  Started : Wednesday, June 26, 2019 10:31:12 AM
   Source : h:\DeskPack18_A5\AI\Win_AI23\Esko\PitStop\
     Dest : c:\Program Files\Adobe\Adobe Illustrator CC 2019\Plug-ins\Esko\PitStop\

    Files : *.*
	    
  Options : *.* /S /DCOPY:DA /COPY:DAT /Z /XO /R:0 /W:0 

------------------------------------------------------------------------------

	                   2	h:\DeskPack18_A5\AI\Win_AI23\Esko\PitStop\

------------------------------------------------------------------------------

               Total    Copied   Skipped  Mismatch    FAILED    Extras
    Dirs :         1         0         1         0         0         0
   Files :         2         0         2         0         0         0
   Bytes :   25.11 m         0   25.11 m         0         0         0
   Times :   0:00:00   0:00:00                       0:00:00   0:00:00
   Ended : Wednesday, June 26, 2019 10:31:13 AM

*** Nothing to copy. 
Copying from h:\DeskPack18_A5\AI\Win_AI23\Esko\PowerLayout 
to c:\Program Files\Adobe\Adobe Illustrator CC 2019\Plug-ins\Esko\PowerLayout 

-------------------------------------------------------------------------------
   ROBOCOPY     ::     Robust File Copy for Windows                              
-------------------------------------------------------------------------------

  Started : Wednesday, June 26, 2019 10:31:13 AM
   Source : h:\DeskPack18_A5\AI\Win_AI23\Esko\PowerLayout\
     Dest : c:\Program Files\Adobe\Adobe Illustrator CC 2019\Plug-ins\Esko\PowerLayout\

    Files : *.*
	    
  Options : *.* /S /DCOPY:DA /COPY:DAT /Z /XO /R:0 /W:0 

------------------------------------------------------------------------------

	                   1	h:\DeskPack18_A5\AI\Win_AI23\Esko\PowerLayout\

------------------------------------------------------------------------------

               Total    Copied   Skipped  Mismatch    FAILED    Extras
    Dirs :         1         0         1         0         0         0
   Files :         1         0         1         0         0         0
   Bytes :    2.59 m         0    2.59 m         0         0         0
   Times :   0:00:00   0:00:00                       0:00:00   0:00:00
   Ended : Wednesday, June 26, 2019 10:31:14 AM

*** Nothing to copy. 
Copying from h:\DeskPack18_A5\AI\Win_AI23\Esko\PowerLayout Standalone 
to c:\Program Files\Adobe\Adobe Illustrator CC 2019\Plug-ins\Esko\PowerLayout Standalone 

-------------------------------------------------------------------------------
   ROBOCOPY     ::     Robust File Copy for Windows                              
-------------------------------------------------------------------------------

  Started : Wednesday, June 26, 2019 10:31:14 AM
   Source : h:\DeskPack18_A5\AI\Win_AI23\Esko\PowerLayout Standalone\
     Dest : c:\Program Files\Adobe\Adobe Illustrator CC 2019\Plug-ins\Esko\PowerLayout Standalone\

    Files : *.*
	    
  Options : *.* /S /DCOPY:DA /COPY:DAT /Z /XO /R:0 /W:0 

------------------------------------------------------------------------------

	                   1	h:\DeskPack18_A5\AI\Win_AI23\Esko\PowerLayout Standalone\

------------------------------------------------------------------------------

               Total    Copied   Skipped  Mismatch    FAILED    Extras
    Dirs :         1         0         1         0         0         0
   Files :         1         0         1         0         0         0
   Bytes :    3.91 m         0    3.91 m         0         0         0
   Times :   0:00:00   0:00:00                       0:00:00   0:00:00
   Ended : Wednesday, June 26, 2019 10:31:16 AM

*** Nothing to copy. 
Copying from h:\DeskPack18_A5\AI\Win_AI23\Esko\PowerTrapper 
to c:\Program Files\Adobe\Adobe Illustrator CC 2019\Plug-ins\Esko\PowerTrapper 

-------------------------------------------------------------------------------
   ROBOCOPY     ::     Robust File Copy for Windows                              
-------------------------------------------------------------------------------

  Started : Wednesday, June 26, 2019 10:31:16 AM
   Source : h:\DeskPack18_A5\AI\Win_AI23\Esko\PowerTrapper\
     Dest : c:\Program Files\Adobe\Adobe Illustrator CC 2019\Plug-ins\Esko\PowerTrapper\

    Files : *.*
	    
  Options : *.* /S /DCOPY:DA /COPY:DAT /Z /XO /R:0 /W:0 

------------------------------------------------------------------------------

	                   2	h:\DeskPack18_A5\AI\Win_AI23\Esko\PowerTrapper\

------------------------------------------------------------------------------

               Total    Copied   Skipped  Mismatch    FAILED    Extras
    Dirs :         1         0         1         0         0         0
   Files :         2         0         2         0         0         0
   Bytes :    3.82 m         0    3.82 m         0         0         0
   Times :   0:00:01   0:00:00                       0:00:00   0:00:01
   Ended : Wednesday, June 26, 2019 10:31:18 AM

*** Nothing to copy. 
Copying from h:\DeskPack18_A5\AI\Win_AI23\Esko\Preflight 
to c:\Program Files\Adobe\Adobe Illustrator CC 2019\Plug-ins\Esko\Preflight 

-------------------------------------------------------------------------------
   ROBOCOPY     ::     Robust File Copy for Windows                              
-------------------------------------------------------------------------------

  Started : Wednesday, June 26, 2019 10:31:18 AM
   Source : h:\DeskPack18_A5\AI\Win_AI23\Esko\Preflight\
     Dest : c:\Program Files\Adobe\Adobe Illustrator CC 2019\Plug-ins\Esko\Preflight\

    Files : *.*
	    
  Options : *.* /S /DCOPY:DA /COPY:DAT /Z /XO /R:0 /W:0 

------------------------------------------------------------------------------

	                   5	h:\DeskPack18_A5\AI\Win_AI23\Esko\Preflight\

------------------------------------------------------------------------------

               Total    Copied   Skipped  Mismatch    FAILED    Extras
    Dirs :         1         0         1         0         0         0
   Files :         5         0         5         0         0         0
   Bytes :    1.93 m         0    1.93 m         0         0         0
   Times :   0:00:01   0:00:00                       0:00:00   0:00:01
   Ended : Wednesday, June 26, 2019 10:31:20 AM

*** Nothing to copy. 
Copying from h:\DeskPack18_A5\AI\Win_AI23\Esko\Screening 
to c:\Program Files\Adobe\Adobe Illustrator CC 2019\Plug-ins\Esko\Screening 

-------------------------------------------------------------------------------
   ROBOCOPY     ::     Robust File Copy for Windows                              
-------------------------------------------------------------------------------

  Started : Wednesday, June 26, 2019 10:31:20 AM
   Source : h:\DeskPack18_A5\AI\Win_AI23\Esko\Screening\
     Dest : c:\Program Files\Adobe\Adobe Illustrator CC 2019\Plug-ins\Esko\Screening\

    Files : *.*
	    
  Options : *.* /S /DCOPY:DA /COPY:DAT /Z /XO /R:0 /W:0 

------------------------------------------------------------------------------

	                   1	h:\DeskPack18_A5\AI\Win_AI23\Esko\Screening\

------------------------------------------------------------------------------

               Total    Copied   Skipped  Mismatch    FAILED    Extras
    Dirs :         1         0         1         0         0         0
   Files :         1         0         1         0         0         0
   Bytes :   377.0 k         0   377.0 k         0         0         0
   Times :   0:00:00   0:00:00                       0:00:00   0:00:00
   Ended : Wednesday, June 26, 2019 10:31:21 AM

*** Nothing to copy. 
Copying from h:\DeskPack18_A5\AI\Win_AI23\Esko\Seamless Repeat 
to c:\Program Files\Adobe\Adobe Illustrator CC 2019\Plug-ins\Esko\Seamless Repeat 

-------------------------------------------------------------------------------
   ROBOCOPY     ::     Robust File Copy for Windows                              
-------------------------------------------------------------------------------

  Started : Wednesday, June 26, 2019 10:31:21 AM
   Source : h:\DeskPack18_A5\AI\Win_AI23\Esko\Seamless Repeat\
     Dest : c:\Program Files\Adobe\Adobe Illustrator CC 2019\Plug-ins\Esko\Seamless Repeat\

    Files : *.*
	    
  Options : *.* /S /DCOPY:DA /COPY:DAT /Z /XO /R:0 /W:0 

------------------------------------------------------------------------------

	                   1	h:\DeskPack18_A5\AI\Win_AI23\Esko\Seamless Repeat\

------------------------------------------------------------------------------

               Total    Copied   Skipped  Mismatch    FAILED    Extras
    Dirs :         1         0         1         0         0         0
   Files :         1         0         1         0         0         0
   Bytes :   549.0 k         0   549.0 k         0         0         0
   Times :   0:00:00   0:00:00                       0:00:00   0:00:00
   Ended : Wednesday, June 26, 2019 10:31:22 AM

*** Nothing to copy. 
Copying from h:\DeskPack18_A5\AI\Win_AI23\Esko\Select by Attributes 
to c:\Program Files\Adobe\Adobe Illustrator CC 2019\Plug-ins\Esko\Select by Attributes 

-------------------------------------------------------------------------------
   ROBOCOPY     ::     Robust File Copy for Windows                              
-------------------------------------------------------------------------------

  Started : Wednesday, June 26, 2019 10:31:22 AM
   Source : h:\DeskPack18_A5\AI\Win_AI23\Esko\Select by Attributes\
     Dest : c:\Program Files\Adobe\Adobe Illustrator CC 2019\Plug-ins\Esko\Select by Attributes\

    Files : *.*
	    
  Options : *.* /S /DCOPY:DA /COPY:DAT /Z /XO /R:0 /W:0 

------------------------------------------------------------------------------

	                   1	h:\DeskPack18_A5\AI\Win_AI23\Esko\Select by Attributes\

------------------------------------------------------------------------------

               Total    Copied   Skipped  Mismatch    FAILED    Extras
    Dirs :         1         0         1         0         0         0
   Files :         1         0         1         0         0         0
   Bytes :   512.5 k         0   512.5 k         0         0         0
   Times :   0:00:00   0:00:00                       0:00:00   0:00:00
   Ended : Wednesday, June 26, 2019 10:31:23 AM

*** Nothing to copy. 
Copying from h:\DeskPack18_A5\AI\Win_AI23\Esko\Text Recognition 
to c:\Program Files\Adobe\Adobe Illustrator CC 2019\Plug-ins\Esko\Text Recognition 

-------------------------------------------------------------------------------
   ROBOCOPY     ::     Robust File Copy for Windows                              
-------------------------------------------------------------------------------

  Started : Wednesday, June 26, 2019 10:31:23 AM
   Source : h:\DeskPack18_A5\AI\Win_AI23\Esko\Text Recognition\
     Dest : c:\Program Files\Adobe\Adobe Illustrator CC 2019\Plug-ins\Esko\Text Recognition\

    Files : *.*
	    
  Options : *.* /S /DCOPY:DA /COPY:DAT /Z /XO /R:0 /W:0 

------------------------------------------------------------------------------

	                   1	h:\DeskPack18_A5\AI\Win_AI23\Esko\Text Recognition\

------------------------------------------------------------------------------

               Total    Copied   Skipped  Mismatch    FAILED    Extras
    Dirs :         1         0         1         0         0         0
   Files :         1         0         1         0         0         0
   Bytes :    6.90 m         0    6.90 m         0         0         0
   Times :   0:00:00   0:00:00                       0:00:00   0:00:00
   Ended : Wednesday, June 26, 2019 10:31:24 AM

*** Nothing to copy. 
Copying from h:\DeskPack18_A5\AI\Win_AI23\Esko\Thin Parts 
to c:\Program Files\Adobe\Adobe Illustrator CC 2019\Plug-ins\Esko\Thin Parts 

-------------------------------------------------------------------------------
   ROBOCOPY     ::     Robust File Copy for Windows                              
-------------------------------------------------------------------------------

  Started : Wednesday, June 26, 2019 10:31:24 AM
   Source : h:\DeskPack18_A5\AI\Win_AI23\Esko\Thin Parts\
     Dest : c:\Program Files\Adobe\Adobe Illustrator CC 2019\Plug-ins\Esko\Thin Parts\

    Files : *.*
	    
  Options : *.* /S /DCOPY:DA /COPY:DAT /Z /XO /R:0 /W:0 

------------------------------------------------------------------------------

	                   1	h:\DeskPack18_A5\AI\Win_AI23\Esko\Thin Parts\

------------------------------------------------------------------------------

               Total    Copied   Skipped  Mismatch    FAILED    Extras
    Dirs :         1         0         1         0         0         0
   Files :         1         0         1         0         0         0
   Bytes :   528.5 k         0   528.5 k         0         0         0
   Times :   0:00:00   0:00:00                       0:00:00   0:00:00
   Ended : Wednesday, June 26, 2019 10:31:25 AM

*** Nothing to copy. 
Copying from h:\DeskPack18_A5\AI\Win_AI23\Esko\TIFF Export 
to c:\Program Files\Adobe\Adobe Illustrator CC 2019\Plug-ins\Esko\TIFF Export 

-------------------------------------------------------------------------------
   ROBOCOPY     ::     Robust File Copy for Windows                              
-------------------------------------------------------------------------------

  Started : Wednesday, June 26, 2019 10:31:25 AM
   Source : h:\DeskPack18_A5\AI\Win_AI23\Esko\TIFF Export\
     Dest : c:\Program Files\Adobe\Adobe Illustrator CC 2019\Plug-ins\Esko\TIFF Export\

    Files : *.*
	    
  Options : *.* /S /DCOPY:DA /COPY:DAT /Z /XO /R:0 /W:0 

------------------------------------------------------------------------------

	                   1	h:\DeskPack18_A5\AI\Win_AI23\Esko\TIFF Export\

------------------------------------------------------------------------------

               Total    Copied   Skipped  Mismatch    FAILED    Extras
    Dirs :         1         0         1         0         0         0
   Files :         1         0         1         0         0         0
   Bytes :   366.0 k         0   366.0 k         0         0         0
   Times :   0:00:00   0:00:00                       0:00:00   0:00:00
   Ended : Wednesday, June 26, 2019 10:31:27 AM

*** Nothing to copy. 
Copying from h:\DeskPack18_A5\AI\Win_AI23\Esko\Variable Data 
to c:\Program Files\Adobe\Adobe Illustrator CC 2019\Plug-ins\Esko\Variable Data 

-------------------------------------------------------------------------------
   ROBOCOPY     ::     Robust File Copy for Windows                              
-------------------------------------------------------------------------------

  Started : Wednesday, June 26, 2019 10:31:27 AM
   Source : h:\DeskPack18_A5\AI\Win_AI23\Esko\Variable Data\
     Dest : c:\Program Files\Adobe\Adobe Illustrator CC 2019\Plug-ins\Esko\Variable Data\

    Files : *.*
	    
  Options : *.* /S /DCOPY:DA /COPY:DAT /Z /XO /R:0 /W:0 

------------------------------------------------------------------------------

	                   1	h:\DeskPack18_A5\AI\Win_AI23\Esko\Variable Data\

------------------------------------------------------------------------------

               Total    Copied   Skipped  Mismatch    FAILED    Extras
    Dirs :         1         0         1         0         0         0
   Files :         1         0         1         0         0         0
   Bytes :    3.99 m         0    3.99 m         0         0         0
   Times :   0:00:00   0:00:00                       0:00:00   0:00:00
   Ended : Wednesday, June 26, 2019 10:31:28 AM

*** Nothing to copy. 
Copying from h:\DeskPack18_A5\AI\Win_AI23\Esko\WebCenter Connector 
to c:\Program Files\Adobe\Adobe Illustrator CC 2019\Plug-ins\Esko\WebCenter Connector 

-------------------------------------------------------------------------------
   ROBOCOPY     ::     Robust File Copy for Windows                              
-------------------------------------------------------------------------------

  Started : Wednesday, June 26, 2019 10:31:28 AM
   Source : h:\DeskPack18_A5\AI\Win_AI23\Esko\WebCenter Connector\
     Dest : c:\Program Files\Adobe\Adobe Illustrator CC 2019\Plug-ins\Esko\WebCenter Connector\

    Files : *.*
	    
  Options : *.* /S /DCOPY:DA /COPY:DAT /Z /XO /R:0 /W:0 

------------------------------------------------------------------------------

	                   1	h:\DeskPack18_A5\AI\Win_AI23\Esko\WebCenter Connector\

------------------------------------------------------------------------------

               Total    Copied   Skipped  Mismatch    FAILED    Extras
    Dirs :         1         0         1         0         0         0
   Files :         1         0         1         0         0         0
   Bytes :    6.28 m         0    6.28 m         0         0         0
   Times :   0:00:00   0:00:00                       0:00:00   0:00:00
   Ended : Wednesday, June 26, 2019 10:31:29 AM

*** Nothing to copy. 
Copying from h:\DeskPack18_A5\AI\Win_AI23\Esko\White Underprint 
to c:\Program Files\Adobe\Adobe Illustrator CC 2019\Plug-ins\Esko\White Underprint 

-------------------------------------------------------------------------------
   ROBOCOPY     ::     Robust File Copy for Windows                              
-------------------------------------------------------------------------------

  Started : Wednesday, June 26, 2019 10:31:29 AM
   Source : h:\DeskPack18_A5\AI\Win_AI23\Esko\White Underprint\
     Dest : c:\Program Files\Adobe\Adobe Illustrator CC 2019\Plug-ins\Esko\White Underprint\

    Files : *.*
	    
  Options : *.* /S /DCOPY:DA /COPY:DAT /Z /XO /R:0 /W:0 

------------------------------------------------------------------------------

	                   1	h:\DeskPack18_A5\AI\Win_AI23\Esko\White Underprint\

------------------------------------------------------------------------------

               Total    Copied   Skipped  Mismatch    FAILED    Extras
    Dirs :         1         0         1         0         0         0
   Files :         1         0         1         0         0         0
   Bytes :   424.5 k         0   424.5 k         0         0         0
   Times :   0:00:00   0:00:00                       0:00:00   0:00:00
   Ended : Wednesday, June 26, 2019 10:31:30 AM

*** Nothing to copy. 
Copying from h:\DeskPack18_A5\AI\Win_AI23\Esko\Data Exchange\Annotations 
to c:\Program Files\Adobe\Adobe Illustrator CC 2019\Plug-ins\Esko\Data Exchange\Annotations 

-------------------------------------------------------------------------------
   ROBOCOPY     ::     Robust File Copy for Windows                              
-------------------------------------------------------------------------------

  Started : Wednesday, June 26, 2019 10:31:30 AM
   Source : h:\DeskPack18_A5\AI\Win_AI23\Esko\Data Exchange\Annotations\
     Dest : c:\Program Files\Adobe\Adobe Illustrator CC 2019\Plug-ins\Esko\Data Exchange\Annotations\

    Files : *.*
	    
  Options : *.* /S /DCOPY:DA /COPY:DAT /Z /XO /R:0 /W:0 

------------------------------------------------------------------------------

	                   1	h:\DeskPack18_A5\AI\Win_AI23\Esko\Data Exchange\Annotations\

------------------------------------------------------------------------------

               Total    Copied   Skipped  Mismatch    FAILED    Extras
    Dirs :         1         0         1         0         0         0
   Files :         1         0         1         0         0         0
   Bytes :    4.36 m         0    4.36 m         0         0         0
   Times :   0:00:00   0:00:00                       0:00:00   0:00:00
   Ended : Wednesday, June 26, 2019 10:31:31 AM

*** Nothing to copy. 
Copying from h:\DeskPack18_A5\AI\Win_AI23\Esko\Data Exchange\BrixKernel 
to c:\Program Files\Adobe\Adobe Illustrator CC 2019\Plug-ins\Esko\Data Exchange\BrixKernel 

-------------------------------------------------------------------------------
   ROBOCOPY     ::     Robust File Copy for Windows                              
-------------------------------------------------------------------------------

  Started : Wednesday, June 26, 2019 10:31:31 AM
   Source : h:\DeskPack18_A5\AI\Win_AI23\Esko\Data Exchange\BrixKernel\
     Dest : c:\Program Files\Adobe\Adobe Illustrator CC 2019\Plug-ins\Esko\Data Exchange\BrixKernel\

    Files : *.*
	    
  Options : *.* /S /DCOPY:DA /COPY:DAT /Z /XO /R:0 /W:0 

------------------------------------------------------------------------------

	                   1	h:\DeskPack18_A5\AI\Win_AI23\Esko\Data Exchange\BrixKernel\

------------------------------------------------------------------------------

               Total    Copied   Skipped  Mismatch    FAILED    Extras
    Dirs :         1         0         1         0         0         0
   Files :         1         0         1         0         0         0
   Bytes :   24.70 m         0   24.70 m         0         0         0
   Times :   0:00:00   0:00:00                       0:00:00   0:00:00
   Ended : Wednesday, June 26, 2019 10:31:33 AM

*** Nothing to copy. 
Copying from h:\DeskPack18_A5\AI\Win_AI23\Esko\Data Exchange\Customer Experience Program 
to c:\Program Files\Adobe\Adobe Illustrator CC 2019\Plug-ins\Esko\Data Exchange\Customer Experience Program 

-------------------------------------------------------------------------------
   ROBOCOPY     ::     Robust File Copy for Windows                              
-------------------------------------------------------------------------------

  Started : Wednesday, June 26, 2019 10:31:33 AM
   Source : h:\DeskPack18_A5\AI\Win_AI23\Esko\Data Exchange\Customer Experience Program\
     Dest : c:\Program Files\Adobe\Adobe Illustrator CC 2019\Plug-ins\Esko\Data Exchange\Customer Experience Program\

    Files : *.*
	    
  Options : *.* /S /DCOPY:DA /COPY:DAT /Z /XO /R:0 /W:0 

------------------------------------------------------------------------------

	                   1	h:\DeskPack18_A5\AI\Win_AI23\Esko\Data Exchange\Customer Experience Program\

------------------------------------------------------------------------------

               Total    Copied   Skipped  Mismatch    FAILED    Extras
    Dirs :         1         0         1         0         0         0
   Files :         1         0         1         0         0         0
   Bytes :    2.54 m         0    2.54 m         0         0         0
   Times :   0:00:00   0:00:00                       0:00:00   0:00:00
   Ended : Wednesday, June 26, 2019 10:31:34 AM

*** Nothing to copy. 
Copying from h:\DeskPack18_A5\AI\Win_AI23\Esko\Data Exchange\Ink Manager 
to c:\Program Files\Adobe\Adobe Illustrator CC 2019\Plug-ins\Esko\Data Exchange\Ink Manager 

-------------------------------------------------------------------------------
   ROBOCOPY     ::     Robust File Copy for Windows                              
-------------------------------------------------------------------------------

  Started : Wednesday, June 26, 2019 10:31:34 AM
   Source : h:\DeskPack18_A5\AI\Win_AI23\Esko\Data Exchange\Ink Manager\
     Dest : c:\Program Files\Adobe\Adobe Illustrator CC 2019\Plug-ins\Esko\Data Exchange\Ink Manager\

    Files : *.*
	    
  Options : *.* /S /DCOPY:DA /COPY:DAT /Z /XO /R:0 /W:0 

------------------------------------------------------------------------------

	                   3	h:\DeskPack18_A5\AI\Win_AI23\Esko\Data Exchange\Ink Manager\

------------------------------------------------------------------------------

               Total    Copied   Skipped  Mismatch    FAILED    Extras
    Dirs :         1         0         1         0         0         0
   Files :         3         0         3         0         0         0
   Bytes :    1.49 m         0    1.49 m         0         0         0
   Times :   0:00:01   0:00:00                       0:00:00   0:00:01
   Ended : Wednesday, June 26, 2019 10:31:36 AM

*** Nothing to copy. 
Copying from h:\DeskPack18_A5\AI\Win_AI23\Esko\Data Exchange\Inspection Setup 
to c:\Program Files\Adobe\Adobe Illustrator CC 2019\Plug-ins\Esko\Data Exchange\Inspection Setup 

-------------------------------------------------------------------------------
   ROBOCOPY     ::     Robust File Copy for Windows                              
-------------------------------------------------------------------------------

  Started : Wednesday, June 26, 2019 10:31:36 AM
   Source : h:\DeskPack18_A5\AI\Win_AI23\Esko\Data Exchange\Inspection Setup\
     Dest : c:\Program Files\Adobe\Adobe Illustrator CC 2019\Plug-ins\Esko\Data Exchange\Inspection Setup\

    Files : *.*
	    
  Options : *.* /S /DCOPY:DA /COPY:DAT /Z /XO /R:0 /W:0 

------------------------------------------------------------------------------

	                   1	h:\DeskPack18_A5\AI\Win_AI23\Esko\Data Exchange\Inspection Setup\

------------------------------------------------------------------------------

               Total    Copied   Skipped  Mismatch    FAILED    Extras
    Dirs :         1         0         1         0         0         0
   Files :         1         0         1         0         0         0
   Bytes :    1.52 m         0    1.52 m         0         0         0
   Times :   0:00:00   0:00:00                       0:00:00   0:00:00
   Ended : Wednesday, June 26, 2019 10:31:37 AM

*** Nothing to copy. 
Copying from h:\DeskPack18_A5\AI\Win_AI23\Esko\Data Exchange\MessageCenter 
to c:\Program Files\Adobe\Adobe Illustrator CC 2019\Plug-ins\Esko\Data Exchange\MessageCenter 

-------------------------------------------------------------------------------
   ROBOCOPY     ::     Robust File Copy for Windows                              
-------------------------------------------------------------------------------

  Started : Wednesday, June 26, 2019 10:31:37 AM
   Source : h:\DeskPack18_A5\AI\Win_AI23\Esko\Data Exchange\MessageCenter\
     Dest : c:\Program Files\Adobe\Adobe Illustrator CC 2019\Plug-ins\Esko\Data Exchange\MessageCenter\

    Files : *.*
	    
  Options : *.* /S /DCOPY:DA /COPY:DAT /Z /XO /R:0 /W:0 

------------------------------------------------------------------------------

	                   1	h:\DeskPack18_A5\AI\Win_AI23\Esko\Data Exchange\MessageCenter\

------------------------------------------------------------------------------

               Total    Copied   Skipped  Mismatch    FAILED    Extras
    Dirs :         1         0         1         0         0         0
   Files :         1         0         1         0         0         0
   Bytes :   414.0 k         0   414.0 k         0         0         0
   Times :   0:00:00   0:00:00                       0:00:00   0:00:00
   Ended : Wednesday, June 26, 2019 10:31:38 AM

*** Nothing to copy. 
Copying from h:\DeskPack18_A5\AI\Win_AI23\Esko\Data Exchange\PDF Export 
to c:\Program Files\Adobe\Adobe Illustrator CC 2019\Plug-ins\Esko\Data Exchange\PDF Export 

-------------------------------------------------------------------------------
   ROBOCOPY     ::     Robust File Copy for Windows                              
-------------------------------------------------------------------------------

  Started : Wednesday, June 26, 2019 10:31:38 AM
   Source : h:\DeskPack18_A5\AI\Win_AI23\Esko\Data Exchange\PDF Export\
     Dest : c:\Program Files\Adobe\Adobe Illustrator CC 2019\Plug-ins\Esko\Data Exchange\PDF Export\

    Files : *.*
	    
  Options : *.* /S /DCOPY:DA /COPY:DAT /Z /XO /R:0 /W:0 

------------------------------------------------------------------------------

	                   1	h:\DeskPack18_A5\AI\Win_AI23\Esko\Data Exchange\PDF Export\

------------------------------------------------------------------------------

               Total    Copied   Skipped  Mismatch    FAILED    Extras
    Dirs :         1         0         1         0         0         0
   Files :         1         0         1         0         0         0
   Bytes :   837.0 k         0   837.0 k         0         0         0
   Times :   0:00:00   0:00:00                       0:00:00   0:00:00
   Ended : Wednesday, June 26, 2019 10:31:39 AM

*** Nothing to copy. 
Copying from h:\DeskPack18_A5\AI\Win_AI23\Esko\Data Exchange\Preferences 
to c:\Program Files\Adobe\Adobe Illustrator CC 2019\Plug-ins\Esko\Data Exchange\Preferences 

-------------------------------------------------------------------------------
   ROBOCOPY     ::     Robust File Copy for Windows                              
-------------------------------------------------------------------------------

  Started : Wednesday, June 26, 2019 10:31:39 AM
   Source : h:\DeskPack18_A5\AI\Win_AI23\Esko\Data Exchange\Preferences\
     Dest : c:\Program Files\Adobe\Adobe Illustrator CC 2019\Plug-ins\Esko\Data Exchange\Preferences\

    Files : *.*
	    
  Options : *.* /S /DCOPY:DA /COPY:DAT /Z /XO /R:0 /W:0 

------------------------------------------------------------------------------

	                   1	h:\DeskPack18_A5\AI\Win_AI23\Esko\Data Exchange\Preferences\

------------------------------------------------------------------------------

               Total    Copied   Skipped  Mismatch    FAILED    Extras
    Dirs :         1         0         1         0         0         0
   Files :         1         0         1         0         0         0
   Bytes :   206.5 k         0   206.5 k         0         0         0
   Times :   0:00:00   0:00:00                       0:00:00   0:00:00
   Ended : Wednesday, June 26, 2019 10:31:41 AM

*** Nothing to copy. 
Copying from h:\DeskPack18_A5\AI\Win_AI23\Esko\Data Exchange\Structural Design 
to c:\Program Files\Adobe\Adobe Illustrator CC 2019\Plug-ins\Esko\Data Exchange\Structural Design 

-------------------------------------------------------------------------------
   ROBOCOPY     ::     Robust File Copy for Windows                              
-------------------------------------------------------------------------------

  Started : Wednesday, June 26, 2019 10:31:41 AM
   Source : h:\DeskPack18_A5\AI\Win_AI23\Esko\Data Exchange\Structural Design\
     Dest : c:\Program Files\Adobe\Adobe Illustrator CC 2019\Plug-ins\Esko\Data Exchange\Structural Design\

    Files : *.*
	    
  Options : *.* /S /DCOPY:DA /COPY:DAT /Z /XO /R:0 /W:0 

------------------------------------------------------------------------------

	                   2	h:\DeskPack18_A5\AI\Win_AI23\Esko\Data Exchange\Structural Design\

------------------------------------------------------------------------------

               Total    Copied   Skipped  Mismatch    FAILED    Extras
    Dirs :         1         0         1         0         0         0
   Files :         2         0         2         0         0         0
   Bytes :   15.88 m         0   15.88 m         0         0         0
   Times :   0:00:01   0:00:00                       0:00:00   0:00:01
   Ended : Wednesday, June 26, 2019 10:31:43 AM

*** Nothing to copy. 
Copying from h:\DeskPack18_A5\AI\Win_AI23\Esko\Data Exchange\Text Support 
to c:\Program Files\Adobe\Adobe Illustrator CC 2019\Plug-ins\Esko\Data Exchange\Text Support 

-------------------------------------------------------------------------------
   ROBOCOPY     ::     Robust File Copy for Windows                              
-------------------------------------------------------------------------------

  Started : Wednesday, June 26, 2019 10:31:43 AM
   Source : h:\DeskPack18_A5\AI\Win_AI23\Esko\Data Exchange\Text Support\
     Dest : c:\Program Files\Adobe\Adobe Illustrator CC 2019\Plug-ins\Esko\Data Exchange\Text Support\

    Files : *.*
	    
  Options : *.* /S /DCOPY:DA /COPY:DAT /Z /XO /R:0 /W:0 

------------------------------------------------------------------------------

	                   1	h:\DeskPack18_A5\AI\Win_AI23\Esko\Data Exchange\Text Support\

------------------------------------------------------------------------------

               Total    Copied   Skipped  Mismatch    FAILED    Extras
    Dirs :         1         0         1         0         0         0
   Files :         1         0         1         0         0         0
   Bytes :    1.46 m         0    1.46 m         0         0         0
   Times :   0:00:00   0:00:00                       0:00:00   0:00:00
   Ended : Wednesday, June 26, 2019 10:31:44 AM

*** Nothing to copy. 
Copying from h:\DeskPack18_A5\AI\Win_AI23\Esko\Data Exchange\TrimBox MediaBox 
to c:\Program Files\Adobe\Adobe Illustrator CC 2019\Plug-ins\Esko\Data Exchange\TrimBox MediaBox 

-------------------------------------------------------------------------------
   ROBOCOPY     ::     Robust File Copy for Windows                              
-------------------------------------------------------------------------------

  Started : Wednesday, June 26, 2019 10:31:44 AM
   Source : h:\DeskPack18_A5\AI\Win_AI23\Esko\Data Exchange\TrimBox MediaBox\
     Dest : c:\Program Files\Adobe\Adobe Illustrator CC 2019\Plug-ins\Esko\Data Exchange\TrimBox MediaBox\

    Files : *.*
	    
  Options : *.* /S /DCOPY:DA /COPY:DAT /Z /XO /R:0 /W:0 

------------------------------------------------------------------------------

	                   1	h:\DeskPack18_A5\AI\Win_AI23\Esko\Data Exchange\TrimBox MediaBox\

------------------------------------------------------------------------------

               Total    Copied   Skipped  Mismatch    FAILED    Extras
    Dirs :         1         0         1         0         0         0
   Files :         1         0         1         0         0         0
   Bytes :   676.5 k         0   676.5 k         0         0         0
   Times :   0:00:00   0:00:00                       0:00:00   0:00:00
   Ended : Wednesday, June 26, 2019 10:31:45 AM

*** Nothing to copy. 
Copying from h:\DeskPack18_A5\AI\Win_AI23\Esko\Data Exchange\XMP Viewer 
to c:\Program Files\Adobe\Adobe Illustrator CC 2019\Plug-ins\Esko\Data Exchange\XMP Viewer 

-------------------------------------------------------------------------------
   ROBOCOPY     ::     Robust File Copy for Windows                              
-------------------------------------------------------------------------------

  Started : Wednesday, June 26, 2019 10:31:45 AM
   Source : h:\DeskPack18_A5\AI\Win_AI23\Esko\Data Exchange\XMP Viewer\
     Dest : c:\Program Files\Adobe\Adobe Illustrator CC 2019\Plug-ins\Esko\Data Exchange\XMP Viewer\

    Files : *.*
	    
  Options : *.* /S /DCOPY:DA /COPY:DAT /Z /XO /R:0 /W:0 

------------------------------------------------------------------------------

	                   1	h:\DeskPack18_A5\AI\Win_AI23\Esko\Data Exchange\XMP Viewer\

------------------------------------------------------------------------------

               Total    Copied   Skipped  Mismatch    FAILED    Extras
    Dirs :         1         0         1         0         0         0
   Files :         1         0         1         0         0         0
   Bytes :   891.0 k         0   891.0 k         0         0         0
   Times :   0:00:00   0:00:00                       0:00:00   0:00:00
   Ended : Wednesday, June 26, 2019 10:31:46 AM

*** Nothing to copy. 
Copying from h:\DeskPack18_A5\AI\Win_AI23\Esko\Shuttle\BSClient 
to c:\Program Files\Adobe\Adobe Illustrator CC 2019\Plug-ins\Esko\Shuttle\BSClient 

-------------------------------------------------------------------------------
   ROBOCOPY     ::     Robust File Copy for Windows                              
-------------------------------------------------------------------------------

  Started : Wednesday, June 26, 2019 10:31:46 AM
   Source : h:\DeskPack18_A5\AI\Win_AI23\Esko\Shuttle\BSClient\
     Dest : c:\Program Files\Adobe\Adobe Illustrator CC 2019\Plug-ins\Esko\Shuttle\BSClient\

    Files : *.*
	    
  Options : *.* /S /DCOPY:DA /COPY:DAT /Z /XO /R:0 /W:0 

------------------------------------------------------------------------------

	                   1	h:\DeskPack18_A5\AI\Win_AI23\Esko\Shuttle\BSClient\

------------------------------------------------------------------------------

               Total    Copied   Skipped  Mismatch    FAILED    Extras
    Dirs :         1         0         1         0         0         0
   Files :         1         0         1         0         0         0
   Bytes :   32.22 m         0   32.22 m         0         0         0
   Times :   0:00:00   0:00:00                       0:00:00   0:00:00
   Ended : Wednesday, June 26, 2019 10:31:47 AM

*** Nothing to copy. 
Copying from h:\DeskPack18_A5\AI\Win_AI23\Esko\Shuttle\Shuttle 
to c:\Program Files\Adobe\Adobe Illustrator CC 2019\Plug-ins\Esko\Shuttle\Shuttle 

-------------------------------------------------------------------------------
   ROBOCOPY     ::     Robust File Copy for Windows                              
-------------------------------------------------------------------------------

  Started : Wednesday, June 26, 2019 10:31:47 AM
   Source : h:\DeskPack18_A5\AI\Win_AI23\Esko\Shuttle\Shuttle\
     Dest : c:\Program Files\Adobe\Adobe Illustrator CC 2019\Plug-ins\Esko\Shuttle\Shuttle\

    Files : *.*
	    
  Options : *.* /S /DCOPY:DA /COPY:DAT /Z /XO /R:0 /W:0 

------------------------------------------------------------------------------

	                   2	h:\DeskPack18_A5\AI\Win_AI23\Esko\Shuttle\Shuttle\

------------------------------------------------------------------------------

               Total    Copied   Skipped  Mismatch    FAILED    Extras
    Dirs :         1         0         1         0         0         0
   Files :         2         0         2         0         0         0
   Bytes :    5.79 m         0    5.79 m         0         0         0
   Times :   0:00:00   0:00:00                       0:00:00   0:00:00
   Ended : Wednesday, June 26, 2019 10:31:49 AM

*** Nothing to copy. 
Copying from h:\DeskPack18_A5\AI\Win_AI23\Esko\UI 
to c:\Program Files\Adobe\Adobe Illustrator CC 2019\Plug-ins\Esko\UI 

-------------------------------------------------------------------------------
   ROBOCOPY     ::     Robust File Copy for Windows                              
-------------------------------------------------------------------------------

  Started : Wednesday, June 26, 2019 10:31:49 AM
   Source : h:\DeskPack18_A5\AI\Win_AI23\Esko\UI\
     Dest : c:\Program Files\Adobe\Adobe Illustrator CC 2019\Plug-ins\Esko\UI\

    Files : *.*
	    
  Options : *.* /S /DCOPY:DA /COPY:DAT /Z /XO /R:0 /W:0 

------------------------------------------------------------------------------

	                   0	h:\DeskPack18_A5\AI\Win_AI23\Esko\UI\
	                  13	h:\DeskPack18_A5\AI\Win_AI23\Esko\UI\DP161\
	                   1	h:\DeskPack18_A5\AI\Win_AI23\Esko\UI\DP161\imageformats\

------------------------------------------------------------------------------

               Total    Copied   Skipped  Mismatch    FAILED    Extras
    Dirs :         3         0         3         0         0         0
   Files :        14         0        14         0         0         0
   Bytes :   43.16 m         0   43.16 m         0         0         0
   Times :   0:00:00   0:00:00                       0:00:00   0:00:00
   Ended : Wednesday, June 26, 2019 10:31:50 AM

*** Nothing to copy. 
--- 2019-06-26 10:31:50.72 
 
Copying bundles... 
Copying from h:\DeskPack18_A5\Localisation_Win\Esko 
to c:\Program Files\Adobe\Adobe Illustrator CC 2019\Esko 

-------------------------------------------------------------------------------
   ROBOCOPY     ::     Robust File Copy for Windows                              
-------------------------------------------------------------------------------

  Started : Wednesday, June 26, 2019 10:31:50 AM
   Source : h:\DeskPack18_A5\Localisation_Win\Esko\
     Dest : c:\Program Files\Adobe\Adobe Illustrator CC 2019\Esko\

    Files : *.*
	    
  Options : *.* /S /DCOPY:DA /COPY:DAT /Z /XO /R:0 /W:0 

------------------------------------------------------------------------------

	                   1	h:\DeskPack18_A5\Localisation_Win\Esko\
	                   0	h:\DeskPack18_A5\Localisation_Win\Esko\AIClient.plugin\
	                   3	h:\DeskPack18_A5\Localisation_Win\Esko\AIClient.plugin\English.lproj\
	                   3	h:\DeskPack18_A5\Localisation_Win\Esko\AIClient.plugin\French.lproj\
	                   3	h:\DeskPack18_A5\Localisation_Win\Esko\AIClient.plugin\German.lproj\
	                   3	h:\DeskPack18_A5\Localisation_Win\Esko\AIClient.plugin\Italian.lproj\
	                   3	h:\DeskPack18_A5\Localisation_Win\Esko\AIClient.plugin\Japanese.lproj\
	                   2	h:\DeskPack18_A5\Localisation_Win\Esko\AIClient.plugin\ko.lproj\
	                   2	h:\DeskPack18_A5\Localisation_Win\Esko\AIClient.plugin\pt_BR.lproj\
	                   2	h:\DeskPack18_A5\Localisation_Win\Esko\AIClient.plugin\ru.lproj\
	                   3	h:\DeskPack18_A5\Localisation_Win\Esko\AIClient.plugin\Spanish.lproj\
	                   3	h:\DeskPack18_A5\Localisation_Win\Esko\AIClient.plugin\zh_CN.lproj\
	                   3	h:\DeskPack18_A5\Localisation_Win\Esko\AIClient.plugin\zh_TW.lproj\
	                   0	h:\DeskPack18_A5\Localisation_Win\Esko\AICut.plugin\
	                   1	h:\DeskPack18_A5\Localisation_Win\Esko\AICut.plugin\cs.lproj\
	                   2	h:\DeskPack18_A5\Localisation_Win\Esko\AICut.plugin\English.lproj\
	                   2	h:\DeskPack18_A5\Localisation_Win\Esko\AICut.plugin\French.lproj\
	                   2	h:\DeskPack18_A5\Localisation_Win\Esko\AICut.plugin\German.lproj\
	                   2	h:\DeskPack18_A5\Localisation_Win\Esko\AICut.plugin\Italian.lproj\
	                   2	h:\DeskPack18_A5\Localisation_Win\Esko\AICut.plugin\Japanese.lproj\
	                   2	h:\DeskPack18_A5\Localisation_Win\Esko\AICut.plugin\ko.lproj\
	                   1	h:\DeskPack18_A5\Localisation_Win\Esko\AICut.plugin\nb.lproj\
	                   1	h:\DeskPack18_A5\Localisation_Win\Esko\AICut.plugin\nl.lproj\
	                   1	h:\DeskPack18_A5\Localisation_Win\Esko\AICut.plugin\pl.lproj\
	                   2	h:\DeskPack18_A5\Localisation_Win\Esko\AICut.plugin\pt_BR.lproj\
	                   1	h:\DeskPack18_A5\Localisation_Win\Esko\AICut.plugin\ru.lproj\
	                   2	h:\DeskPack18_A5\Localisation_Win\Esko\AICut.plugin\Spanish.lproj\
	                   1	h:\DeskPack18_A5\Localisation_Win\Esko\AICut.plugin\sv.lproj\
	                   2	h:\DeskPack18_A5\Localisation_Win\Esko\AICut.plugin\zh_CN.lproj\
	                   2	h:\DeskPack18_A5\Localisation_Win\Esko\AICut.plugin\zh_TW.lproj\
	                   0	h:\DeskPack18_A5\Localisation_Win\Esko\boostX.plugin\
	                   1	h:\DeskPack18_A5\Localisation_Win\Esko\boostX.plugin\BagTypes\
	                  11	h:\DeskPack18_A5\Localisation_Win\Esko\boostX.plugin\English.lproj\
	                  11	h:\DeskPack18_A5\Localisation_Win\Esko\boostX.plugin\French.lproj\
	                  11	h:\DeskPack18_A5\Localisation_Win\Esko\boostX.plugin\German.lproj\
	                  11	h:\DeskPack18_A5\Localisation_Win\Esko\boostX.plugin\Italian.lproj\
	                  11	h:\DeskPack18_A5\Localisation_Win\Esko\boostX.plugin\Japanese.lproj\
	                  11	h:\DeskPack18_A5\Localisation_Win\Esko\boostX.plugin\ko.lproj\
	                   1	h:\DeskPack18_A5\Localisation_Win\Esko\boostX.plugin\pt_BR.lproj\
	                   1	h:\DeskPack18_A5\Localisation_Win\Esko\boostX.plugin\ru.lproj\
	                  11	h:\DeskPack18_A5\Localisation_Win\Esko\boostX.plugin\Spanish.lproj\
	                  11	h:\DeskPack18_A5\Localisation_Win\Esko\boostX.plugin\zh_CN.lproj\
	                  11	h:\DeskPack18_A5\Localisation_Win\Esko\boostX.plugin\zh_TW.lproj\
	                   0	h:\DeskPack18_A5\Localisation_Win\Esko\BrixKernel.plugin\
	                   0	h:\DeskPack18_A5\Localisation_Win\Esko\BrixKernel.plugin\bg_data_cms_bonsai_v010\
	                   6	h:\DeskPack18_A5\Localisation_Win\Esko\BrixKernel.plugin\bg_data_cms_bonsai_v010\r\
	                  16	h:\DeskPack18_A5\Localisation_Win\Esko\BrixKernel.plugin\bg_data_cms_bonsai_v010\r\cdb\
	                  53	h:\DeskPack18_A5\Localisation_Win\Esko\BrixKernel.plugin\bg_data_cms_bonsai_v010\r\cmn\
	                  10	h:\DeskPack18_A5\Localisation_Win\Esko\BrixKernel.plugin\bg_data_cms_bonsai_v010\r\cmn\cache\
	                   2	h:\DeskPack18_A5\Localisation_Win\Esko\BrixKernel.plugin\bg_data_cms_bonsai_v010\r\coltrfrm\
	                   1	h:\DeskPack18_A5\Localisation_Win\Esko\BrixKernel.plugin\bg_data_cms_bonsai_v010\r\dic\
	                   0	h:\DeskPack18_A5\Localisation_Win\Esko\BrixKernel.plugin\bg_data_cms_bonsai_v010\r\equinox\
	                   8	h:\DeskPack18_A5\Localisation_Win\Esko\BrixKernel.plugin\bg_data_cms_bonsai_v010\r\equinox\gmt\
	                   2	h:\DeskPack18_A5\Localisation_Win\Esko\BrixKernel.plugin\bg_data_cms_bonsai_v010\r\equinox\spn\
	                   1	h:\DeskPack18_A5\Localisation_Win\Esko\BrixKernel.plugin\bg_data_cms_bonsai_v010\r\gcr\
	                   4	h:\DeskPack18_A5\Localisation_Win\Esko\BrixKernel.plugin\bg_data_cms_bonsai_v010\r\icc\
	                  13	h:\DeskPack18_A5\Localisation_Win\Esko\BrixKernel.plugin\bg_data_cms_bonsai_v010\r\idb\
	                  18	h:\DeskPack18_A5\Localisation_Win\Esko\BrixKernel.plugin\bg_data_cms_bonsai_v010\r\idb\ClassicColors_cdb\
	                  11	h:\DeskPack18_A5\Localisation_Win\Esko\BrixKernel.plugin\bg_data_cms_bonsai_v010\r\idb\inks\
	                  14	h:\DeskPack18_A5\Localisation_Win\Esko\BrixKernel.plugin\bg_data_cms_bonsai_v010\r\idb\process_cdb\
	                  11	h:\DeskPack18_A5\Localisation_Win\Esko\BrixKernel.plugin\bg_data_cms_bonsai_v010\r\idb\tintsandoverprints\
	                   2	h:\DeskPack18_A5\Localisation_Win\Esko\BrixKernel.plugin\bg_data_cms_bonsai_v010\r\layout\
	                   5	h:\DeskPack18_A5\Localisation_Win\Esko\BrixKernel.plugin\bg_data_cms_bonsai_v010\r\layout\patchset\
	                   2	h:\DeskPack18_A5\Localisation_Win\Esko\BrixKernel.plugin\bg_data_cms_bonsai_v010\r\pit\
	                   3	h:\DeskPack18_A5\Localisation_Win\Esko\BrixKernel.plugin\bg_data_cms_bonsai_v010\r\scan\
	                  35	h:\DeskPack18_A5\Localisation_Win\Esko\BrixKernel.plugin\bg_data_cms_bonsai_v010\r\tim\
	                   0	h:\DeskPack18_A5\Localisation_Win\Esko\BrixKernel.plugin\bg_data_cms_bonsai_v010\w\
	                   1	h:\DeskPack18_A5\Localisation_Win\Esko\BrixKernel.plugin\bg_data_cms_bonsai_v010\w\approval\
	                   1	h:\DeskPack18_A5\Localisation_Win\Esko\BrixKernel.plugin\bg_data_cms_bonsai_v010\w\bg2400\
	                   1	h:\DeskPack18_A5\Localisation_Win\Esko\BrixKernel.plugin\bg_data_cms_bonsai_v010\w\bg5200\
	                   1	h:\DeskPack18_A5\Localisation_Win\Esko\BrixKernel.plugin\bg_data_cms_bonsai_v010\w\bg5220\
	                   1	h:\DeskPack18_A5\Localisation_Win\Esko\BrixKernel.plugin\bg_data_cms_bonsai_v010\w\bg5250\
	                  16	h:\DeskPack18_A5\Localisation_Win\Esko\BrixKernel.plugin\bg_data_cms_bonsai_v010\w\cdb\
	                   1	h:\DeskPack18_A5\Localisation_Win\Esko\BrixKernel.plugin\bg_data_cms_bonsai_v010\w\cmn\
	                   0	h:\DeskPack18_A5\Localisation_Win\Esko\BrixKernel.plugin\bg_data_cms_bonsai_v010\w\cmn\cache\
	                   0	h:\DeskPack18_A5\Localisation_Win\Esko\BrixKernel.plugin\bg_data_cms_bonsai_v010\w\coltrfrm\
	                   0	h:\DeskPack18_A5\Localisation_Win\Esko\BrixKernel.plugin\bg_data_cms_bonsai_v010\w\dfe\
	                   1	h:\DeskPack18_A5\Localisation_Win\Esko\BrixKernel.plugin\bg_data_cms_bonsai_v010\w\dic\
	                   1	h:\DeskPack18_A5\Localisation_Win\Esko\BrixKernel.plugin\bg_data_cms_bonsai_v010\w\fripdw\
	                   1	h:\DeskPack18_A5\Localisation_Win\Esko\BrixKernel.plugin\bg_data_cms_bonsai_v010\w\fripr\
	                   1	h:\DeskPack18_A5\Localisation_Win\Esko\BrixKernel.plugin\bg_data_cms_bonsai_v010\w\fripu\
	                   1	h:\DeskPack18_A5\Localisation_Win\Esko\BrixKernel.plugin\bg_data_cms_bonsai_v010\w\gcr\
	                   1	h:\DeskPack18_A5\Localisation_Win\Esko\BrixKernel.plugin\bg_data_cms_bonsai_v010\w\gray\
	                   0	h:\DeskPack18_A5\Localisation_Win\Esko\BrixKernel.plugin\bg_data_cms_bonsai_v010\w\icc\
	                  12	h:\DeskPack18_A5\Localisation_Win\Esko\BrixKernel.plugin\bg_data_cms_bonsai_v010\w\idb\
	                   3	h:\DeskPack18_A5\Localisation_Win\Esko\BrixKernel.plugin\bg_data_cms_bonsai_v010\w\idb\designer_cdb\
	                   3	h:\DeskPack18_A5\Localisation_Win\Esko\BrixKernel.plugin\bg_data_cms_bonsai_v010\w\idb\nonsaveable_cdb\
	                   1	h:\DeskPack18_A5\Localisation_Win\Esko\BrixKernel.plugin\bg_data_cms_bonsai_v010\w\scan\
	                   1	h:\DeskPack18_A5\Localisation_Win\Esko\BrixKernel.plugin\bg_data_cms_bonsai_v010\w\sep2sep\
	                   1	h:\DeskPack18_A5\Localisation_Win\Esko\BrixKernel.plugin\bg_data_cms_bonsai_v010\w\tonersaver\
	                   1	h:\DeskPack18_A5\Localisation_Win\Esko\BrixKernel.plugin\bg_data_cms_bonsai_v010\w\ucr\
	                   0	h:\DeskPack18_A5\Localisation_Win\Esko\BrixKernel.plugin\bg_data_cms_bonsai_v010\w\wfc\
	                   1	h:\DeskPack18_A5\Localisation_Win\Esko\BrixKernel.plugin\bg_data_cms_bonsai_v010\w\xeikon\
	                   7	h:\DeskPack18_A5\Localisation_Win\Esko\BrixKernel.plugin\bg_data_fonts_bonsai_v040\
	  *EXTRA File 		       0	lock.lck
	  *EXTRA File 		    1774	ufl_cache_win.dat
	                   0	h:\DeskPack18_A5\Localisation_Win\Esko\BrixKernel.plugin\bg_prog_deskpack_v072\
	                   3	h:\DeskPack18_A5\Localisation_Win\Esko\BrixKernel.plugin\bg_prog_deskpack_v072\dat\
	                   0	h:\DeskPack18_A5\Localisation_Win\Esko\BrixKernel.plugin\bg_prog_deskpack_v072\dat\license\
	                   2	h:\DeskPack18_A5\Localisation_Win\Esko\BrixKernel.plugin\bg_prog_deskpack_v072\dat\license\xerces\
	                   0	h:\DeskPack18_A5\Localisation_Win\Esko\BrixKernel.plugin\bg_prog_deskpack_v072\dat\Resources\
	                 121	h:\DeskPack18_A5\Localisation_Win\Esko\BrixKernel.plugin\bg_prog_deskpack_v072\dat\Resources\CMap\
	  *EXTRA File 		   28570	ufl_cache_win.dat
	                  32	h:\DeskPack18_A5\Localisation_Win\Esko\BrixKernel.plugin\bg_prog_deskpack_v072\dat\unicode\
	                   5	h:\DeskPack18_A5\Localisation_Win\Esko\BrixKernel.plugin\English.lproj\
	                   5	h:\DeskPack18_A5\Localisation_Win\Esko\BrixKernel.plugin\French.lproj\
	                   5	h:\DeskPack18_A5\Localisation_Win\Esko\BrixKernel.plugin\German.lproj\
	                   5	h:\DeskPack18_A5\Localisation_Win\Esko\BrixKernel.plugin\Italian.lproj\
	                   5	h:\DeskPack18_A5\Localisation_Win\Esko\BrixKernel.plugin\Japanese.lproj\
	                   5	h:\DeskPack18_A5\Localisation_Win\Esko\BrixKernel.plugin\ko.lproj\
	                   5	h:\DeskPack18_A5\Localisation_Win\Esko\BrixKernel.plugin\pt_BR.lproj\
	                   5	h:\DeskPack18_A5\Localisation_Win\Esko\BrixKernel.plugin\ru.lproj\
	                   5	h:\DeskPack18_A5\Localisation_Win\Esko\BrixKernel.plugin\Spanish.lproj\
	                   5	h:\DeskPack18_A5\Localisation_Win\Esko\BrixKernel.plugin\zh_CN.lproj\
	                   5	h:\DeskPack18_A5\Localisation_Win\Esko\BrixKernel.plugin\zh_TW.lproj\
	                   0	h:\DeskPack18_A5\Localisation_Win\Esko\ChannelMapping.plugin\
	                   2	h:\DeskPack18_A5\Localisation_Win\Esko\ChannelMapping.plugin\English.lproj\
	                   2	h:\DeskPack18_A5\Localisation_Win\Esko\ChannelMapping.plugin\French.lproj\
	                   2	h:\DeskPack18_A5\Localisation_Win\Esko\ChannelMapping.plugin\German.lproj\
	                   2	h:\DeskPack18_A5\Localisation_Win\Esko\ChannelMapping.plugin\Italian.lproj\
	                   2	h:\DeskPack18_A5\Localisation_Win\Esko\ChannelMapping.plugin\Japanese.lproj\
	                   2	h:\DeskPack18_A5\Localisation_Win\Esko\ChannelMapping.plugin\ko.lproj\
	                   1	h:\DeskPack18_A5\Localisation_Win\Esko\ChannelMapping.plugin\pt_BR.lproj\
	                   1	h:\DeskPack18_A5\Localisation_Win\Esko\ChannelMapping.plugin\ru.lproj\
	                   2	h:\DeskPack18_A5\Localisation_Win\Esko\ChannelMapping.plugin\Spanish.lproj\
	                   2	h:\DeskPack18_A5\Localisation_Win\Esko\ChannelMapping.plugin\zh_CN.lproj\
	                   2	h:\DeskPack18_A5\Localisation_Win\Esko\ChannelMapping.plugin\zh_TW.lproj\
	                   1	h:\DeskPack18_A5\Localisation_Win\Esko\CHILIPlugin.plugin\
	                   2	h:\DeskPack18_A5\Localisation_Win\Esko\CHILIPlugin.plugin\English.lproj\
	                   2	h:\DeskPack18_A5\Localisation_Win\Esko\CHILIPlugin.plugin\French.lproj\
	                   2	h:\DeskPack18_A5\Localisation_Win\Esko\CHILIPlugin.plugin\German.lproj\
	                   2	h:\DeskPack18_A5\Localisation_Win\Esko\CHILIPlugin.plugin\Italian.lproj\
	                   2	h:\DeskPack18_A5\Localisation_Win\Esko\CHILIPlugin.plugin\Japanese.lproj\
	                   1	h:\DeskPack18_A5\Localisation_Win\Esko\CHILIPlugin.plugin\ko.lproj\
	                   1	h:\DeskPack18_A5\Localisation_Win\Esko\CHILIPlugin.plugin\pt_BR.lproj\
	                   1	h:\DeskPack18_A5\Localisation_Win\Esko\CHILIPlugin.plugin\ru.lproj\
	                   2	h:\DeskPack18_A5\Localisation_Win\Esko\CHILIPlugin.plugin\Spanish.lproj\
	                   2	h:\DeskPack18_A5\Localisation_Win\Esko\CHILIPlugin.plugin\zh_CN.lproj\
	                   2	h:\DeskPack18_A5\Localisation_Win\Esko\CHILIPlugin.plugin\zh_TW.lproj\
	                   0	h:\DeskPack18_A5\Localisation_Win\Esko\Collection.plugin\
	                   3	h:\DeskPack18_A5\Localisation_Win\Esko\Collection.plugin\English.lproj\
	                   3	h:\DeskPack18_A5\Localisation_Win\Esko\Collection.plugin\French.lproj\
	                   3	h:\DeskPack18_A5\Localisation_Win\Esko\Collection.plugin\German.lproj\
	                   3	h:\DeskPack18_A5\Localisation_Win\Esko\Collection.plugin\Italian.lproj\
	                   3	h:\DeskPack18_A5\Localisation_Win\Esko\Collection.plugin\Japanese.lproj\
	                   2	h:\DeskPack18_A5\Localisation_Win\Esko\Collection.plugin\ko.lproj\
	                   1	h:\DeskPack18_A5\Localisation_Win\Esko\Collection.plugin\pt_BR.lproj\
	                   1	h:\DeskPack18_A5\Localisation_Win\Esko\Collection.plugin\ru.lproj\
	                   3	h:\DeskPack18_A5\Localisation_Win\Esko\Collection.plugin\Spanish.lproj\
	                   3	h:\DeskPack18_A5\Localisation_Win\Esko\Collection.plugin\zh_CN.lproj\
	                   3	h:\DeskPack18_A5\Localisation_Win\Esko\Collection.plugin\zh_TW.lproj\
	                   4	h:\DeskPack18_A5\Localisation_Win\Esko\ColorEngine.plugin\
	                   4	h:\DeskPack18_A5\Localisation_Win\Esko\ColorEngine.plugin\English.lproj\
	                   4	h:\DeskPack18_A5\Localisation_Win\Esko\ColorEngine.plugin\French.lproj\
	                   4	h:\DeskPack18_A5\Localisation_Win\Esko\ColorEngine.plugin\German.lproj\
	                   4	h:\DeskPack18_A5\Localisation_Win\Esko\ColorEngine.plugin\Italian.lproj\
	                   4	h:\DeskPack18_A5\Localisation_Win\Esko\ColorEngine.plugin\Japanese.lproj\
	                   4	h:\DeskPack18_A5\Localisation_Win\Esko\ColorEngine.plugin\ko.lproj\
	                   1	h:\DeskPack18_A5\Localisation_Win\Esko\ColorEngine.plugin\pt_BR.lproj\
	                   1	h:\DeskPack18_A5\Localisation_Win\Esko\ColorEngine.plugin\ru.lproj\
	                   4	h:\DeskPack18_A5\Localisation_Win\Esko\ColorEngine.plugin\Spanish.lproj\
	                   2	h:\DeskPack18_A5\Localisation_Win\Esko\ColorEngine.plugin\zh-Hans.lproj\
	                   2	h:\DeskPack18_A5\Localisation_Win\Esko\ColorEngine.plugin\zh-Hant.lproj\
	                   2	h:\DeskPack18_A5\Localisation_Win\Esko\ColorEngine.plugin\zh_CN.lproj\
	                   2	h:\DeskPack18_A5\Localisation_Win\Esko\ColorEngine.plugin\zh_TW.lproj\
	                   1	h:\DeskPack18_A5\Localisation_Win\Esko\DataExchange.plugin\
	                  14	h:\DeskPack18_A5\Localisation_Win\Esko\DataExchange.plugin\English.lproj\
	                  14	h:\DeskPack18_A5\Localisation_Win\Esko\DataExchange.plugin\French.lproj\
	                  14	h:\DeskPack18_A5\Localisation_Win\Esko\DataExchange.plugin\German.lproj\
	                  14	h:\DeskPack18_A5\Localisation_Win\Esko\DataExchange.plugin\Italian.lproj\
	                  14	h:\DeskPack18_A5\Localisation_Win\Esko\DataExchange.plugin\Japanese.lproj\
	                  14	h:\DeskPack18_A5\Localisation_Win\Esko\DataExchange.plugin\ko.lproj\
	                  13	h:\DeskPack18_A5\Localisation_Win\Esko\DataExchange.plugin\pt_BR.lproj\
	                  13	h:\DeskPack18_A5\Localisation_Win\Esko\DataExchange.plugin\ru.lproj\
	                  14	h:\DeskPack18_A5\Localisation_Win\Esko\DataExchange.plugin\Spanish.lproj\
	                  14	h:\DeskPack18_A5\Localisation_Win\Esko\DataExchange.plugin\zh_CN.lproj\
	                  14	h:\DeskPack18_A5\Localisation_Win\Esko\DataExchange.plugin\zh_TW.lproj\
	                   0	h:\DeskPack18_A5\Localisation_Win\Esko\Designer.plugin\
	                   2	h:\DeskPack18_A5\Localisation_Win\Esko\Designer.plugin\English.lproj\
	                   2	h:\DeskPack18_A5\Localisation_Win\Esko\Designer.plugin\French.lproj\
	                   2	h:\DeskPack18_A5\Localisation_Win\Esko\Designer.plugin\German.lproj\
	                   2	h:\DeskPack18_A5\Localisation_Win\Esko\Designer.plugin\Italian.lproj\
	                   2	h:\DeskPack18_A5\Localisation_Win\Esko\Designer.plugin\Japanese.lproj\
	                   1	h:\DeskPack18_A5\Localisation_Win\Esko\Designer.plugin\ko.lproj\
	                   1	h:\DeskPack18_A5\Localisation_Win\Esko\Designer.plugin\pt_BR.lproj\
	                   1	h:\DeskPack18_A5\Localisation_Win\Esko\Designer.plugin\ru.lproj\
	                   2	h:\DeskPack18_A5\Localisation_Win\Esko\Designer.plugin\Spanish.lproj\
	                   2	h:\DeskPack18_A5\Localisation_Win\Esko\Designer.plugin\zh_CN.lproj\
	                   2	h:\DeskPack18_A5\Localisation_Win\Esko\Designer.plugin\zh_TW.lproj\
	                   0	h:\DeskPack18_A5\Localisation_Win\Esko\DynamicArt.plugin\
	                   2	h:\DeskPack18_A5\Localisation_Win\Esko\DynamicArt.plugin\CETDefs\
	                   3	h:\DeskPack18_A5\Localisation_Win\Esko\DynamicArt.plugin\English.lproj\
	                   3	h:\DeskPack18_A5\Localisation_Win\Esko\DynamicArt.plugin\French.lproj\
	                   3	h:\DeskPack18_A5\Localisation_Win\Esko\DynamicArt.plugin\German.lproj\
	                   3	h:\DeskPack18_A5\Localisation_Win\Esko\DynamicArt.plugin\Italian.lproj\
	                   3	h:\DeskPack18_A5\Localisation_Win\Esko\DynamicArt.plugin\Japanese.lproj\
	                   1	h:\DeskPack18_A5\Localisation_Win\Esko\DynamicArt.plugin\ko.lproj\
	                   1	h:\DeskPack18_A5\Localisation_Win\Esko\DynamicArt.plugin\pt_BR.lproj\
	                   1	h:\DeskPack18_A5\Localisation_Win\Esko\DynamicArt.plugin\ru.lproj\
	                   3	h:\DeskPack18_A5\Localisation_Win\Esko\DynamicArt.plugin\Spanish.lproj\
	                   3	h:\DeskPack18_A5\Localisation_Win\Esko\DynamicArt.plugin\zh_CN.lproj\
	                   3	h:\DeskPack18_A5\Localisation_Win\Esko\DynamicArt.plugin\zh_TW.lproj\
	                   0	h:\DeskPack18_A5\Localisation_Win\Esko\DynamicBarcodes.plugin\
	                   3	h:\DeskPack18_A5\Localisation_Win\Esko\DynamicBarcodes.plugin\English.lproj\
	                   3	h:\DeskPack18_A5\Localisation_Win\Esko\DynamicBarcodes.plugin\French.lproj\
	                   3	h:\DeskPack18_A5\Localisation_Win\Esko\DynamicBarcodes.plugin\German.lproj\
	                   3	h:\DeskPack18_A5\Localisation_Win\Esko\DynamicBarcodes.plugin\Italian.lproj\
	                   3	h:\DeskPack18_A5\Localisation_Win\Esko\DynamicBarcodes.plugin\Japanese.lproj\
	                   3	h:\DeskPack18_A5\Localisation_Win\Esko\DynamicBarcodes.plugin\ko.lproj\
	                   3	h:\DeskPack18_A5\Localisation_Win\Esko\DynamicBarcodes.plugin\pt_BR.lproj\
	                   3	h:\DeskPack18_A5\Localisation_Win\Esko\DynamicBarcodes.plugin\ru.lproj\
	                   3	h:\DeskPack18_A5\Localisation_Win\Esko\DynamicBarcodes.plugin\Spanish.lproj\
	                   3	h:\DeskPack18_A5\Localisation_Win\Esko\DynamicBarcodes.plugin\zh_CN.lproj\
	                   3	h:\DeskPack18_A5\Localisation_Win\Esko\DynamicBarcodes.plugin\zh_TW.lproj\
	                   2	h:\DeskPack18_A5\Localisation_Win\Esko\DynamicContent.plugin\
	                   3	h:\DeskPack18_A5\Localisation_Win\Esko\DynamicContent.plugin\English.lproj\
	                   3	h:\DeskPack18_A5\Localisation_Win\Esko\DynamicContent.plugin\French.lproj\
	                   3	h:\DeskPack18_A5\Localisation_Win\Esko\DynamicContent.plugin\German.lproj\
	                   3	h:\DeskPack18_A5\Localisation_Win\Esko\DynamicContent.plugin\Italian.lproj\
	                   3	h:\DeskPack18_A5\Localisation_Win\Esko\DynamicContent.plugin\Japanese.lproj\
	                   1	h:\DeskPack18_A5\Localisation_Win\Esko\DynamicContent.plugin\ko.lproj\
	                   1	h:\DeskPack18_A5\Localisation_Win\Esko\DynamicContent.plugin\pt_BR.lproj\
	                   1	h:\DeskPack18_A5\Localisation_Win\Esko\DynamicContent.plugin\ru.lproj\
	                   3	h:\DeskPack18_A5\Localisation_Win\Esko\DynamicContent.plugin\Spanish.lproj\
	                   1	h:\DeskPack18_A5\Localisation_Win\Esko\DynamicContent.plugin\Styles\
	                   3	h:\DeskPack18_A5\Localisation_Win\Esko\DynamicContent.plugin\zh_CN.lproj\
	                   3	h:\DeskPack18_A5\Localisation_Win\Esko\DynamicContent.plugin\zh_TW.lproj\
	                   1	h:\DeskPack18_A5\Localisation_Win\Esko\DynamicMarks.plugin\
	                   6	h:\DeskPack18_A5\Localisation_Win\Esko\DynamicMarks.plugin\English.lproj\
	                   6	h:\DeskPack18_A5\Localisation_Win\Esko\DynamicMarks.plugin\French.lproj\
	                   6	h:\DeskPack18_A5\Localisation_Win\Esko\DynamicMarks.plugin\German.lproj\
	                   6	h:\DeskPack18_A5\Localisation_Win\Esko\DynamicMarks.plugin\Italian.lproj\
	                   6	h:\DeskPack18_A5\Localisation_Win\Esko\DynamicMarks.plugin\Japanese.lproj\
	                   6	h:\DeskPack18_A5\Localisation_Win\Esko\DynamicMarks.plugin\ko.lproj\
	                   9	h:\DeskPack18_A5\Localisation_Win\Esko\DynamicMarks.plugin\MarkSets\
	                   6	h:\DeskPack18_A5\Localisation_Win\Esko\DynamicMarks.plugin\pt_BR.lproj\
	                   6	h:\DeskPack18_A5\Localisation_Win\Esko\DynamicMarks.plugin\ru.lproj\
	                   6	h:\DeskPack18_A5\Localisation_Win\Esko\DynamicMarks.plugin\Spanish.lproj\
	                   2	h:\DeskPack18_A5\Localisation_Win\Esko\DynamicMarks.plugin\SymbolLibrary\
	                   6	h:\DeskPack18_A5\Localisation_Win\Esko\DynamicMarks.plugin\zh_CN.lproj\
	                   6	h:\DeskPack18_A5\Localisation_Win\Esko\DynamicMarks.plugin\zh_TW.lproj\
	                   0	h:\DeskPack18_A5\Localisation_Win\Esko\DynamicPanels.plugin\
	                   3	h:\DeskPack18_A5\Localisation_Win\Esko\DynamicPanels.plugin\English.lproj\
	                   3	h:\DeskPack18_A5\Localisation_Win\Esko\DynamicPanels.plugin\French.lproj\
	                   3	h:\DeskPack18_A5\Localisation_Win\Esko\DynamicPanels.plugin\German.lproj\
	                   3	h:\DeskPack18_A5\Localisation_Win\Esko\DynamicPanels.plugin\Italian.lproj\
	                   3	h:\DeskPack18_A5\Localisation_Win\Esko\DynamicPanels.plugin\Japanese.lproj\
	                   2	h:\DeskPack18_A5\Localisation_Win\Esko\DynamicPanels.plugin\ko.lproj\
	                   2	h:\DeskPack18_A5\Localisation_Win\Esko\DynamicPanels.plugin\pt_BR.lproj\
	                   2	h:\DeskPack18_A5\Localisation_Win\Esko\DynamicPanels.plugin\ru.lproj\
	                   3	h:\DeskPack18_A5\Localisation_Win\Esko\DynamicPanels.plugin\Spanish.lproj\
	                   3	h:\DeskPack18_A5\Localisation_Win\Esko\DynamicPanels.plugin\zh_CN.lproj\
	                   3	h:\DeskPack18_A5\Localisation_Win\Esko\DynamicPanels.plugin\zh_TW.lproj\
	                   0	h:\DeskPack18_A5\Localisation_Win\Esko\DynamicTables.plugin\
	                   2	h:\DeskPack18_A5\Localisation_Win\Esko\DynamicTables.plugin\English.lproj\
	                   2	h:\DeskPack18_A5\Localisation_Win\Esko\DynamicTables.plugin\French.lproj\
	                   2	h:\DeskPack18_A5\Localisation_Win\Esko\DynamicTables.plugin\German.lproj\
	                   2	h:\DeskPack18_A5\Localisation_Win\Esko\DynamicTables.plugin\Italian.lproj\
	                   2	h:\DeskPack18_A5\Localisation_Win\Esko\DynamicTables.plugin\Japanese.lproj\
	                   2	h:\DeskPack18_A5\Localisation_Win\Esko\DynamicTables.plugin\ko.lproj\
	                   1	h:\DeskPack18_A5\Localisation_Win\Esko\DynamicTables.plugin\pt_BR.lproj\
	                   1	h:\DeskPack18_A5\Localisation_Win\Esko\DynamicTables.plugin\ru.lproj\
	                   2	h:\DeskPack18_A5\Localisation_Win\Esko\DynamicTables.plugin\Spanish.lproj\
	                 167	h:\DeskPack18_A5\Localisation_Win\Esko\DynamicTables.plugin\TableLayouts\
	                   2	h:\DeskPack18_A5\Localisation_Win\Esko\DynamicTables.plugin\TableRecognition\
	                   2	h:\DeskPack18_A5\Localisation_Win\Esko\DynamicTables.plugin\zh_CN.lproj\
	                   2	h:\DeskPack18_A5\Localisation_Win\Esko\DynamicTables.plugin\zh_TW.lproj\
	                   0	h:\DeskPack18_A5\Localisation_Win\Esko\DynamicVDP.plugin\
	                   3	h:\DeskPack18_A5\Localisation_Win\Esko\DynamicVDP.plugin\English.lproj\
	                   3	h:\DeskPack18_A5\Localisation_Win\Esko\DynamicVDP.plugin\French.lproj\
	                   3	h:\DeskPack18_A5\Localisation_Win\Esko\DynamicVDP.plugin\German.lproj\
	                   3	h:\DeskPack18_A5\Localisation_Win\Esko\DynamicVDP.plugin\Italian.lproj\
	                   3	h:\DeskPack18_A5\Localisation_Win\Esko\DynamicVDP.plugin\Japanese.lproj\
	                   3	h:\DeskPack18_A5\Localisation_Win\Esko\DynamicVDP.plugin\ko.lproj\
	                   3	h:\DeskPack18_A5\Localisation_Win\Esko\DynamicVDP.plugin\pt_BR.lproj\
	                   3	h:\DeskPack18_A5\Localisation_Win\Esko\DynamicVDP.plugin\ru.lproj\
	                   3	h:\DeskPack18_A5\Localisation_Win\Esko\DynamicVDP.plugin\Spanish.lproj\
	                   3	h:\DeskPack18_A5\Localisation_Win\Esko\DynamicVDP.plugin\zh_CN.lproj\
	                   3	h:\DeskPack18_A5\Localisation_Win\Esko\DynamicVDP.plugin\zh_TW.lproj\
	                   0	h:\DeskPack18_A5\Localisation_Win\Esko\ImageExtractor.plugin\
	                   2	h:\DeskPack18_A5\Localisation_Win\Esko\ImageExtractor.plugin\English.lproj\
	                   2	h:\DeskPack18_A5\Localisation_Win\Esko\ImageExtractor.plugin\French.lproj\
	                   2	h:\DeskPack18_A5\Localisation_Win\Esko\ImageExtractor.plugin\German.lproj\
	                   2	h:\DeskPack18_A5\Localisation_Win\Esko\ImageExtractor.plugin\Italian.lproj\
	                   2	h:\DeskPack18_A5\Localisation_Win\Esko\ImageExtractor.plugin\Japanese.lproj\
	                   2	h:\DeskPack18_A5\Localisation_Win\Esko\ImageExtractor.plugin\ko.lproj\
	                   1	h:\DeskPack18_A5\Localisation_Win\Esko\ImageExtractor.plugin\pt_BR.lproj\
	                   1	h:\DeskPack18_A5\Localisation_Win\Esko\ImageExtractor.plugin\ru.lproj\
	                   2	h:\DeskPack18_A5\Localisation_Win\Esko\ImageExtractor.plugin\Spanish.lproj\
	                   2	h:\DeskPack18_A5\Localisation_Win\Esko\ImageExtractor.plugin\zh_CN.lproj\
	                   2	h:\DeskPack18_A5\Localisation_Win\Esko\ImageExtractor.plugin\zh_TW.lproj\
	                   0	h:\DeskPack18_A5\Localisation_Win\Esko\itrap.plugin\
	                   4	h:\DeskPack18_A5\Localisation_Win\Esko\itrap.plugin\English.lproj\
	                   4	h:\DeskPack18_A5\Localisation_Win\Esko\itrap.plugin\French.lproj\
	                   4	h:\DeskPack18_A5\Localisation_Win\Esko\itrap.plugin\German.lproj\
	                   4	h:\DeskPack18_A5\Localisation_Win\Esko\itrap.plugin\Italian.lproj\
	                   4	h:\DeskPack18_A5\Localisation_Win\Esko\itrap.plugin\Japanese.lproj\
	                   4	h:\DeskPack18_A5\Localisation_Win\Esko\itrap.plugin\ko.lproj\
	                   1	h:\DeskPack18_A5\Localisation_Win\Esko\itrap.plugin\pt_BR.lproj\
	                   1	h:\DeskPack18_A5\Localisation_Win\Esko\itrap.plugin\ru.lproj\
	                   4	h:\DeskPack18_A5\Localisation_Win\Esko\itrap.plugin\Spanish.lproj\
	                   4	h:\DeskPack18_A5\Localisation_Win\Esko\itrap.plugin\zh_CN.lproj\
	                   4	h:\DeskPack18_A5\Localisation_Win\Esko\itrap.plugin\zh_TW.lproj\
	                   2	h:\DeskPack18_A5\Localisation_Win\Esko\LicenseSetup.plugin\
	                   1	h:\DeskPack18_A5\Localisation_Win\Esko\LicenseSetup.plugin\AI22\
	  *EXTRA File 		   8.6 m	Licensing108_libFNP.dll
	                   1	h:\DeskPack18_A5\Localisation_Win\Esko\LicenseSetup.plugin\AI23\
	  *EXTRA File 		   8.6 m	Licensing108_libFNP.dll
	                   1	h:\DeskPack18_A5\Localisation_Win\Esko\LicenseSetup.plugin\AI24\
	  *EXTRA File 		   8.6 m	Licensing108_libFNP.dll
	                   3	h:\DeskPack18_A5\Localisation_Win\Esko\LicenseSetup.plugin\Brands\
	                   2	h:\DeskPack18_A5\Localisation_Win\Esko\LicenseSetup.plugin\English.lproj\
	                   2	h:\DeskPack18_A5\Localisation_Win\Esko\LicenseSetup.plugin\French.lproj\
	                   2	h:\DeskPack18_A5\Localisation_Win\Esko\LicenseSetup.plugin\German.lproj\
	                   2	h:\DeskPack18_A5\Localisation_Win\Esko\LicenseSetup.plugin\Italian.lproj\
	                   2	h:\DeskPack18_A5\Localisation_Win\Esko\LicenseSetup.plugin\Japanese.lproj\
	                   2	h:\DeskPack18_A5\Localisation_Win\Esko\LicenseSetup.plugin\ko.lproj\
	                   1	h:\DeskPack18_A5\Localisation_Win\Esko\LicenseSetup.plugin\Products\
	                   2	h:\DeskPack18_A5\Localisation_Win\Esko\LicenseSetup.plugin\pt_BR.lproj\
	                   2	h:\DeskPack18_A5\Localisation_Win\Esko\LicenseSetup.plugin\ru.lproj\
	                   2	h:\DeskPack18_A5\Localisation_Win\Esko\LicenseSetup.plugin\Spanish.lproj\
	                   2	h:\DeskPack18_A5\Localisation_Win\Esko\LicenseSetup.plugin\zh_CN.lproj\
	                   2	h:\DeskPack18_A5\Localisation_Win\Esko\LicenseSetup.plugin\zh_TW.lproj\
	                   0	h:\DeskPack18_A5\Localisation_Win\Esko\NDLKernelPlugin.plugin\
	                 258	h:\DeskPack18_A5\Localisation_Win\Esko\NDLKernelPlugin.plugin\CMap\
	                   9	h:\DeskPack18_A5\Localisation_Win\Esko\NDLKernelPlugin.plugin\Default_Colorprofiles\
	                   7	h:\DeskPack18_A5\Localisation_Win\Esko\NDLKernelPlugin.plugin\English.lproj\
	                  18	h:\DeskPack18_A5\Localisation_Win\Esko\NDLKernelPlugin.plugin\FontMetrics\
	                   7	h:\DeskPack18_A5\Localisation_Win\Esko\NDLKernelPlugin.plugin\French.lproj\
	                   7	h:\DeskPack18_A5\Localisation_Win\Esko\NDLKernelPlugin.plugin\German.lproj\
	                  12	h:\DeskPack18_A5\Localisation_Win\Esko\NDLKernelPlugin.plugin\ICC\
	                   8	h:\DeskPack18_A5\Localisation_Win\Esko\NDLKernelPlugin.plugin\ICC\ECI\
	                  14	h:\DeskPack18_A5\Localisation_Win\Esko\NDLKernelPlugin.plugin\ICC\IDEAlliance\
	                  23	h:\DeskPack18_A5\Localisation_Win\Esko\NDLKernelPlugin.plugin\ICC\WAN-IFRA\
	                   7	h:\DeskPack18_A5\Localisation_Win\Esko\NDLKernelPlugin.plugin\Italian.lproj\
	                   7	h:\DeskPack18_A5\Localisation_Win\Esko\NDLKernelPlugin.plugin\Japanese.lproj\
	                   4	h:\DeskPack18_A5\Localisation_Win\Esko\NDLKernelPlugin.plugin\ko.lproj\
	                   5	h:\DeskPack18_A5\Localisation_Win\Esko\NDLKernelPlugin.plugin\pt_BR.lproj\
	                   5	h:\DeskPack18_A5\Localisation_Win\Esko\NDLKernelPlugin.plugin\ru.lproj\
	                   2	h:\DeskPack18_A5\Localisation_Win\Esko\NDLKernelPlugin.plugin\Signatures\
	                   7	h:\DeskPack18_A5\Localisation_Win\Esko\NDLKernelPlugin.plugin\Spanish.lproj\
	                   1	h:\DeskPack18_A5\Localisation_Win\Esko\NDLKernelPlugin.plugin\xml\
	                   3	h:\DeskPack18_A5\Localisation_Win\Esko\NDLKernelPlugin.plugin\zh-Hans.lproj\
	                   3	h:\DeskPack18_A5\Localisation_Win\Esko\NDLKernelPlugin.plugin\zh-Hant.lproj\
	                   4	h:\DeskPack18_A5\Localisation_Win\Esko\NDLKernelPlugin.plugin\zh_CN.lproj\
	                   4	h:\DeskPack18_A5\Localisation_Win\Esko\NDLKernelPlugin.plugin\zh_TW.lproj\
	                   0	h:\DeskPack18_A5\Localisation_Win\Esko\PDFImport.plugin\
	                   3	h:\DeskPack18_A5\Localisation_Win\Esko\PDFImport.plugin\English.lproj\
	                   3	h:\DeskPack18_A5\Localisation_Win\Esko\PDFImport.plugin\French.lproj\
	                   3	h:\DeskPack18_A5\Localisation_Win\Esko\PDFImport.plugin\German.lproj\
	                   3	h:\DeskPack18_A5\Localisation_Win\Esko\PDFImport.plugin\Italian.lproj\
	                   3	h:\DeskPack18_A5\Localisation_Win\Esko\PDFImport.plugin\Japanese.lproj\
	                   3	h:\DeskPack18_A5\Localisation_Win\Esko\PDFImport.plugin\ko.lproj\
	                   3	h:\DeskPack18_A5\Localisation_Win\Esko\PDFImport.plugin\pt_BR.lproj\
	                   3	h:\DeskPack18_A5\Localisation_Win\Esko\PDFImport.plugin\ru.lproj\
	                   3	h:\DeskPack18_A5\Localisation_Win\Esko\PDFImport.plugin\Spanish.lproj\
	                   3	h:\DeskPack18_A5\Localisation_Win\Esko\PDFImport.plugin\zh_CN.lproj\
	                   3	h:\DeskPack18_A5\Localisation_Win\Esko\PDFImport.plugin\zh_TW.lproj\
	                   0	h:\DeskPack18_A5\Localisation_Win\Esko\PitStop.plugin\
	                   2	h:\DeskPack18_A5\Localisation_Win\Esko\PitStop.plugin\English.lproj\
	                   2	h:\DeskPack18_A5\Localisation_Win\Esko\PitStop.plugin\French.lproj\
	                   2	h:\DeskPack18_A5\Localisation_Win\Esko\PitStop.plugin\German.lproj\
	                   2	h:\DeskPack18_A5\Localisation_Win\Esko\PitStop.plugin\Italian.lproj\
	                   2	h:\DeskPack18_A5\Localisation_Win\Esko\PitStop.plugin\Japanese.lproj\
	                   2	h:\DeskPack18_A5\Localisation_Win\Esko\PitStop.plugin\ko.lproj\
	                   1	h:\DeskPack18_A5\Localisation_Win\Esko\PitStop.plugin\pt_BR.lproj\
	                   2	h:\DeskPack18_A5\Localisation_Win\Esko\PitStop.plugin\Resources\
	                   0	h:\DeskPack18_A5\Localisation_Win\Esko\PitStop.plugin\Resources\Action Lists\
	                  22	h:\DeskPack18_A5\Localisation_Win\Esko\PitStop.plugin\Resources\Action Lists\Add\
	                   3	h:\DeskPack18_A5\Localisation_Win\Esko\PitStop.plugin\Resources\Action Lists\Barcode\
	                   9	h:\DeskPack18_A5\Localisation_Win\Esko\PitStop.plugin\Resources\Action Lists\Barcode\Absolute Width Reduction\
	                   9	h:\DeskPack18_A5\Localisation_Win\Esko\PitStop.plugin\Resources\Action Lists\Barcode\Relative Width Reduction\
	                  29	h:\DeskPack18_A5\Localisation_Win\Esko\PitStop.plugin\Resources\Action Lists\Color\
	                   0	h:\DeskPack18_A5\Localisation_Win\Esko\PitStop.plugin\Resources\Action Lists\DeviceLinks\
	                   6	h:\DeskPack18_A5\Localisation_Win\Esko\PitStop.plugin\Resources\Action Lists\DeviceLinks\Third-Party\
	                  15	h:\DeskPack18_A5\Localisation_Win\Esko\PitStop.plugin\Resources\Action Lists\Esko Packaging\
	                   1	h:\DeskPack18_A5\Localisation_Win\Esko\PitStop.plugin\Resources\Action Lists\Examples\
	                   5	h:\DeskPack18_A5\Localisation_Win\Esko\PitStop.plugin\Resources\Action Lists\Fonts\
	                   8	h:\DeskPack18_A5\Localisation_Win\Esko\PitStop.plugin\Resources\Action Lists\Image\
	                  15	h:\DeskPack18_A5\Localisation_Win\Esko\PitStop.plugin\Resources\Action Lists\ISO 19593-1 - Processing Steps\
	                   5	h:\DeskPack18_A5\Localisation_Win\Esko\PitStop.plugin\Resources\Action Lists\Large or Grand Format\
	                  12	h:\DeskPack18_A5\Localisation_Win\Esko\PitStop.plugin\Resources\Action Lists\Layers\
	                   4	h:\DeskPack18_A5\Localisation_Win\Esko\PitStop.plugin\Resources\Action Lists\Packaging\
	                  28	h:\DeskPack18_A5\Localisation_Win\Esko\PitStop.plugin\Resources\Action Lists\Page\
	                  12	h:\DeskPack18_A5\Localisation_Win\Esko\PitStop.plugin\Resources\Action Lists\Pantone\
	                   5	h:\DeskPack18_A5\Localisation_Win\Esko\PitStop.plugin\Resources\Action Lists\Preflight - Additional Checks\
	                  19	h:\DeskPack18_A5\Localisation_Win\Esko\PitStop.plugin\Resources\Action Lists\Prepress\
	                   9	h:\DeskPack18_A5\Localisation_Win\Esko\PitStop.plugin\Resources\Action Lists\Re-arrange Printers Pairs\
	                  38	h:\DeskPack18_A5\Localisation_Win\Esko\PitStop.plugin\Resources\Action Lists\Repurposing\
	                  26	h:\DeskPack18_A5\Localisation_Win\Esko\PitStop.plugin\Resources\Action Lists\Restricting Action Lists\
	                   1	h:\DeskPack18_A5\Localisation_Win\Esko\PitStop.plugin\Resources\Action Lists\Smart Preflight\
	                   1	h:\DeskPack18_A5\Localisation_Win\Esko\PitStop.plugin\Resources\AlternateFonts\
	                 185	h:\DeskPack18_A5\Localisation_Win\Esko\PitStop.plugin\Resources\Artwork\
	                 258	h:\DeskPack18_A5\Localisation_Win\Esko\PitStop.plugin\Resources\CMap\
	                  14	h:\DeskPack18_A5\Localisation_Win\Esko\PitStop.plugin\Resources\FontMetrics\
	                   7	h:\DeskPack18_A5\Localisation_Win\Esko\PitStop.plugin\Resources\ICC\
	                   8	h:\DeskPack18_A5\Localisation_Win\Esko\PitStop.plugin\Resources\ICC\ECI\
	                  14	h:\DeskPack18_A5\Localisation_Win\Esko\PitStop.plugin\Resources\ICC\IDEAlliance\
	                  23	h:\DeskPack18_A5\Localisation_Win\Esko\PitStop.plugin\Resources\ICC\WAN-IFRA\
	                   8	h:\DeskPack18_A5\Localisation_Win\Esko\PitStop.plugin\Resources\legal\
	                  14	h:\DeskPack18_A5\Localisation_Win\Esko\PitStop.plugin\Resources\Lng\
	                   4	h:\DeskPack18_A5\Localisation_Win\Esko\PitStop.plugin\Resources\PDF Profiles\
	                   0	h:\DeskPack18_A5\Localisation_Win\Esko\PitStop.plugin\Resources\ReportTemplates\
	                   0	h:\DeskPack18_A5\Localisation_Win\Esko\PitStop.plugin\Resources\ReportTemplates\PitStopLibrary\
	                   2	h:\DeskPack18_A5\Localisation_Win\Esko\PitStop.plugin\Resources\ReportTemplates\PitStopLibrary\Default\
	                   1	h:\DeskPack18_A5\Localisation_Win\Esko\PitStop.plugin\Resources\xml\
	                   1	h:\DeskPack18_A5\Localisation_Win\Esko\PitStop.plugin\ru.lproj\
	                   2	h:\DeskPack18_A5\Localisation_Win\Esko\PitStop.plugin\Spanish.lproj\
	                   2	h:\DeskPack18_A5\Localisation_Win\Esko\PitStop.plugin\zh_CN.lproj\
	                   2	h:\DeskPack18_A5\Localisation_Win\Esko\PitStop.plugin\zh_TW.lproj\
	                   0	h:\DeskPack18_A5\Localisation_Win\Esko\PowerLayout.plugin\
	                   3	h:\DeskPack18_A5\Localisation_Win\Esko\PowerLayout.plugin\English.lproj\
	                   3	h:\DeskPack18_A5\Localisation_Win\Esko\PowerLayout.plugin\French.lproj\
	                   3	h:\DeskPack18_A5\Localisation_Win\Esko\PowerLayout.plugin\German.lproj\
	                   3	h:\DeskPack18_A5\Localisation_Win\Esko\PowerLayout.plugin\Italian.lproj\
	                   3	h:\DeskPack18_A5\Localisation_Win\Esko\PowerLayout.plugin\Japanese.lproj\
	                   2	h:\DeskPack18_A5\Localisation_Win\Esko\PowerLayout.plugin\ko.lproj\
	                   1	h:\DeskPack18_A5\Localisation_Win\Esko\PowerLayout.plugin\pt_BR.lproj\
	                   1	h:\DeskPack18_A5\Localisation_Win\Esko\PowerLayout.plugin\ru.lproj\
	                   3	h:\DeskPack18_A5\Localisation_Win\Esko\PowerLayout.plugin\Spanish.lproj\
	                   3	h:\DeskPack18_A5\Localisation_Win\Esko\PowerLayout.plugin\zh_CN.lproj\
	                   3	h:\DeskPack18_A5\Localisation_Win\Esko\PowerLayout.plugin\zh_TW.lproj\
	                   0	h:\DeskPack18_A5\Localisation_Win\Esko\PowerLayoutStandalone.plugin\
	                   3	h:\DeskPack18_A5\Localisation_Win\Esko\PowerLayoutStandalone.plugin\English.lproj\
	                   3	h:\DeskPack18_A5\Localisation_Win\Esko\PowerLayoutStandalone.plugin\French.lproj\
	                   3	h:\DeskPack18_A5\Localisation_Win\Esko\PowerLayoutStandalone.plugin\German.lproj\
	                   3	h:\DeskPack18_A5\Localisation_Win\Esko\PowerLayoutStandalone.plugin\Italian.lproj\
	                   3	h:\DeskPack18_A5\Localisation_Win\Esko\PowerLayoutStandalone.plugin\Japanese.lproj\
	                   3	h:\DeskPack18_A5\Localisation_Win\Esko\PowerLayoutStandalone.plugin\ko.lproj\
	                   3	h:\DeskPack18_A5\Localisation_Win\Esko\PowerLayoutStandalone.plugin\pt_BR.lproj\
	                   3	h:\DeskPack18_A5\Localisation_Win\Esko\PowerLayoutStandalone.plugin\ru.lproj\
	                   3	h:\DeskPack18_A5\Localisation_Win\Esko\PowerLayoutStandalone.plugin\Spanish.lproj\
	                   3	h:\DeskPack18_A5\Localisation_Win\Esko\PowerLayoutStandalone.plugin\zh_CN.lproj\
	                   3	h:\DeskPack18_A5\Localisation_Win\Esko\PowerLayoutStandalone.plugin\zh_TW.lproj\
	                 106	h:\DeskPack18_A5\Localisation_Win\Esko\PowerTrapper.plugin\
	                   8	h:\DeskPack18_A5\Localisation_Win\Esko\PowerTrapper.plugin\English.lproj\
	                   8	h:\DeskPack18_A5\Localisation_Win\Esko\PowerTrapper.plugin\French.lproj\
	                   8	h:\DeskPack18_A5\Localisation_Win\Esko\PowerTrapper.plugin\German.lproj\
	                   8	h:\DeskPack18_A5\Localisation_Win\Esko\PowerTrapper.plugin\Italian.lproj\
	                   8	h:\DeskPack18_A5\Localisation_Win\Esko\PowerTrapper.plugin\Japanese.lproj\
	                   7	h:\DeskPack18_A5\Localisation_Win\Esko\PowerTrapper.plugin\ko.lproj\
	                   3	h:\DeskPack18_A5\Localisation_Win\Esko\PowerTrapper.plugin\pt_BR.lproj\
	                   3	h:\DeskPack18_A5\Localisation_Win\Esko\PowerTrapper.plugin\ru.lproj\
	                   8	h:\DeskPack18_A5\Localisation_Win\Esko\PowerTrapper.plugin\Spanish.lproj\
	                   6	h:\DeskPack18_A5\Localisation_Win\Esko\PowerTrapper.plugin\TrapTickets\
	                   3	h:\DeskPack18_A5\Localisation_Win\Esko\PowerTrapper.plugin\zh-Hans.lproj\
	                   3	h:\DeskPack18_A5\Localisation_Win\Esko\PowerTrapper.plugin\zh-Hant.lproj\
	                   5	h:\DeskPack18_A5\Localisation_Win\Esko\PowerTrapper.plugin\zh_CN.lproj\
	                   5	h:\DeskPack18_A5\Localisation_Win\Esko\PowerTrapper.plugin\zh_TW.lproj\
	                   0	h:\DeskPack18_A5\Localisation_Win\Esko\Preflight.plugin\
	                   8	h:\DeskPack18_A5\Localisation_Win\Esko\Preflight.plugin\English.lproj\
	                   8	h:\DeskPack18_A5\Localisation_Win\Esko\Preflight.plugin\French.lproj\
	                   8	h:\DeskPack18_A5\Localisation_Win\Esko\Preflight.plugin\German.lproj\
	                   8	h:\DeskPack18_A5\Localisation_Win\Esko\Preflight.plugin\Italian.lproj\
	                   8	h:\DeskPack18_A5\Localisation_Win\Esko\Preflight.plugin\Japanese.lproj\
	                   8	h:\DeskPack18_A5\Localisation_Win\Esko\Preflight.plugin\ko.lproj\
	                   1	h:\DeskPack18_A5\Localisation_Win\Esko\Preflight.plugin\pt_BR.lproj\
	                   1	h:\DeskPack18_A5\Localisation_Win\Esko\Preflight.plugin\ru.lproj\
	                   8	h:\DeskPack18_A5\Localisation_Win\Esko\Preflight.plugin\Spanish.lproj\
	                   8	h:\DeskPack18_A5\Localisation_Win\Esko\Preflight.plugin\zh_CN.lproj\
	                   8	h:\DeskPack18_A5\Localisation_Win\Esko\Preflight.plugin\zh_TW.lproj\
	                   0	h:\DeskPack18_A5\Localisation_Win\Esko\Screening.plugin\
	                   2	h:\DeskPack18_A5\Localisation_Win\Esko\Screening.plugin\English.lproj\
	                   2	h:\DeskPack18_A5\Localisation_Win\Esko\Screening.plugin\French.lproj\
	                   2	h:\DeskPack18_A5\Localisation_Win\Esko\Screening.plugin\German.lproj\
	                   2	h:\DeskPack18_A5\Localisation_Win\Esko\Screening.plugin\Italian.lproj\
	                   2	h:\DeskPack18_A5\Localisation_Win\Esko\Screening.plugin\Japanese.lproj\
	                   2	h:\DeskPack18_A5\Localisation_Win\Esko\Screening.plugin\ko.lproj\
	                   1	h:\DeskPack18_A5\Localisation_Win\Esko\Screening.plugin\pt_BR.lproj\
	                   1	h:\DeskPack18_A5\Localisation_Win\Esko\Screening.plugin\ru.lproj\
	                   2	h:\DeskPack18_A5\Localisation_Win\Esko\Screening.plugin\Spanish.lproj\
	                   2	h:\DeskPack18_A5\Localisation_Win\Esko\Screening.plugin\zh_CN.lproj\
	                   2	h:\DeskPack18_A5\Localisation_Win\Esko\Screening.plugin\zh_TW.lproj\
	                   0	h:\DeskPack18_A5\Localisation_Win\Esko\SeamlessRepeat.plugin\
	                   2	h:\DeskPack18_A5\Localisation_Win\Esko\SeamlessRepeat.plugin\English.lproj\
	                   2	h:\DeskPack18_A5\Localisation_Win\Esko\SeamlessRepeat.plugin\French.lproj\
	                   2	h:\DeskPack18_A5\Localisation_Win\Esko\SeamlessRepeat.plugin\German.lproj\
	                   2	h:\DeskPack18_A5\Localisation_Win\Esko\SeamlessRepeat.plugin\Italian.lproj\
	                   2	h:\DeskPack18_A5\Localisation_Win\Esko\SeamlessRepeat.plugin\Japanese.lproj\
	                   2	h:\DeskPack18_A5\Localisation_Win\Esko\SeamlessRepeat.plugin\ko.lproj\
	                   1	h:\DeskPack18_A5\Localisation_Win\Esko\SeamlessRepeat.plugin\pt_BR.lproj\
	                   1	h:\DeskPack18_A5\Localisation_Win\Esko\SeamlessRepeat.plugin\ru.lproj\
	                   2	h:\DeskPack18_A5\Localisation_Win\Esko\SeamlessRepeat.plugin\Spanish.lproj\
	                   2	h:\DeskPack18_A5\Localisation_Win\Esko\SeamlessRepeat.plugin\zh_CN.lproj\
	                   2	h:\DeskPack18_A5\Localisation_Win\Esko\SeamlessRepeat.plugin\zh_TW.lproj\
	                   0	h:\DeskPack18_A5\Localisation_Win\Esko\SelectByAttributes.plugin\
	                   2	h:\DeskPack18_A5\Localisation_Win\Esko\SelectByAttributes.plugin\English.lproj\
	                   2	h:\DeskPack18_A5\Localisation_Win\Esko\SelectByAttributes.plugin\French.lproj\
	                   2	h:\DeskPack18_A5\Localisation_Win\Esko\SelectByAttributes.plugin\German.lproj\
	                   2	h:\DeskPack18_A5\Localisation_Win\Esko\SelectByAttributes.plugin\Italian.lproj\
	                   2	h:\DeskPack18_A5\Localisation_Win\Esko\SelectByAttributes.plugin\Japanese.lproj\
	                   2	h:\DeskPack18_A5\Localisation_Win\Esko\SelectByAttributes.plugin\ko.lproj\
	                   1	h:\DeskPack18_A5\Localisation_Win\Esko\SelectByAttributes.plugin\pt_BR.lproj\
	                   1	h:\DeskPack18_A5\Localisation_Win\Esko\SelectByAttributes.plugin\ru.lproj\
	                   2	h:\DeskPack18_A5\Localisation_Win\Esko\SelectByAttributes.plugin\Spanish.lproj\
	                   2	h:\DeskPack18_A5\Localisation_Win\Esko\SelectByAttributes.plugin\zh_CN.lproj\
	                   2	h:\DeskPack18_A5\Localisation_Win\Esko\SelectByAttributes.plugin\zh_TW.lproj\
	                 210	h:\DeskPack18_A5\Localisation_Win\Esko\Shuttle.plugin\
	                   7	h:\DeskPack18_A5\Localisation_Win\Esko\Shuttle.plugin\English.lproj\
	                   6	h:\DeskPack18_A5\Localisation_Win\Esko\Shuttle.plugin\French.lproj\
	                   6	h:\DeskPack18_A5\Localisation_Win\Esko\Shuttle.plugin\German.lproj\
	                   6	h:\DeskPack18_A5\Localisation_Win\Esko\Shuttle.plugin\Italian.lproj\
	                   6	h:\DeskPack18_A5\Localisation_Win\Esko\Shuttle.plugin\Japanese.lproj\
	                   6	h:\DeskPack18_A5\Localisation_Win\Esko\Shuttle.plugin\ko.lproj\
	                   2	h:\DeskPack18_A5\Localisation_Win\Esko\Shuttle.plugin\pt_BR.lproj\
	                   2	h:\DeskPack18_A5\Localisation_Win\Esko\Shuttle.plugin\ru.lproj\
	                   6	h:\DeskPack18_A5\Localisation_Win\Esko\Shuttle.plugin\Spanish.lproj\
	                   5	h:\DeskPack18_A5\Localisation_Win\Esko\Shuttle.plugin\zh-Hans.lproj\
	                   5	h:\DeskPack18_A5\Localisation_Win\Esko\Shuttle.plugin\zh-Hant.lproj\
	                   2	h:\DeskPack18_A5\Localisation_Win\Esko\Shuttle.plugin\zh_CN.lproj\
	                   2	h:\DeskPack18_A5\Localisation_Win\Esko\Shuttle.plugin\zh_TW.lproj\
	                   0	h:\DeskPack18_A5\Localisation_Win\Esko\StudioToolkitForBoxes.plugin\
	                   2	h:\DeskPack18_A5\Localisation_Win\Esko\StudioToolkitForBoxes.plugin\English.lproj\
	                   2	h:\DeskPack18_A5\Localisation_Win\Esko\StudioToolkitForBoxes.plugin\French.lproj\
	                   2	h:\DeskPack18_A5\Localisation_Win\Esko\StudioToolkitForBoxes.plugin\German.lproj\
	                   2	h:\DeskPack18_A5\Localisation_Win\Esko\StudioToolkitForBoxes.plugin\Italian.lproj\
	                   2	h:\DeskPack18_A5\Localisation_Win\Esko\StudioToolkitForBoxes.plugin\Japanese.lproj\
	                   1	h:\DeskPack18_A5\Localisation_Win\Esko\StudioToolkitForBoxes.plugin\ko.lproj\
	                   1	h:\DeskPack18_A5\Localisation_Win\Esko\StudioToolkitForBoxes.plugin\pt_BR.lproj\
	                   1	h:\DeskPack18_A5\Localisation_Win\Esko\StudioToolkitForBoxes.plugin\ru.lproj\
	                   2	h:\DeskPack18_A5\Localisation_Win\Esko\StudioToolkitForBoxes.plugin\Spanish.lproj\
	                   2	h:\DeskPack18_A5\Localisation_Win\Esko\StudioToolkitForBoxes.plugin\zh_CN.lproj\
	                   2	h:\DeskPack18_A5\Localisation_Win\Esko\StudioToolkitForBoxes.plugin\zh_TW.lproj\
	                   0	h:\DeskPack18_A5\Localisation_Win\Esko\StudioToolkitForLabels.plugin\
	                   2	h:\DeskPack18_A5\Localisation_Win\Esko\StudioToolkitForLabels.plugin\English.lproj\
	                   2	h:\DeskPack18_A5\Localisation_Win\Esko\StudioToolkitForLabels.plugin\French.lproj\
	                   2	h:\DeskPack18_A5\Localisation_Win\Esko\StudioToolkitForLabels.plugin\German.lproj\
	                   2	h:\DeskPack18_A5\Localisation_Win\Esko\StudioToolkitForLabels.plugin\Italian.lproj\
	                   2	h:\DeskPack18_A5\Localisation_Win\Esko\StudioToolkitForLabels.plugin\Japanese.lproj\
	                   1	h:\DeskPack18_A5\Localisation_Win\Esko\StudioToolkitForLabels.plugin\ko.lproj\
	                   1	h:\DeskPack18_A5\Localisation_Win\Esko\StudioToolkitForLabels.plugin\pt_BR.lproj\
	                   1	h:\DeskPack18_A5\Localisation_Win\Esko\StudioToolkitForLabels.plugin\ru.lproj\
	                   2	h:\DeskPack18_A5\Localisation_Win\Esko\StudioToolkitForLabels.plugin\Spanish.lproj\
	                   2	h:\DeskPack18_A5\Localisation_Win\Esko\StudioToolkitForLabels.plugin\zh_CN.lproj\
	                   2	h:\DeskPack18_A5\Localisation_Win\Esko\StudioToolkitForLabels.plugin\zh_TW.lproj\
	                   0	h:\DeskPack18_A5\Localisation_Win\Esko\StudioToolkitForShrinkSleeves.plugin\
	                   2	h:\DeskPack18_A5\Localisation_Win\Esko\StudioToolkitForShrinkSleeves.plugin\English.lproj\
	                   2	h:\DeskPack18_A5\Localisation_Win\Esko\StudioToolkitForShrinkSleeves.plugin\French.lproj\
	                   2	h:\DeskPack18_A5\Localisation_Win\Esko\StudioToolkitForShrinkSleeves.plugin\German.lproj\
	                   2	h:\DeskPack18_A5\Localisation_Win\Esko\StudioToolkitForShrinkSleeves.plugin\Italian.lproj\
	                   2	h:\DeskPack18_A5\Localisation_Win\Esko\StudioToolkitForShrinkSleeves.plugin\Japanese.lproj\
	                   1	h:\DeskPack18_A5\Localisation_Win\Esko\StudioToolkitForShrinkSleeves.plugin\ko.lproj\
	                   1	h:\DeskPack18_A5\Localisation_Win\Esko\StudioToolkitForShrinkSleeves.plugin\pt_BR.lproj\
	                   1	h:\DeskPack18_A5\Localisation_Win\Esko\StudioToolkitForShrinkSleeves.plugin\ru.lproj\
	                   2	h:\DeskPack18_A5\Localisation_Win\Esko\StudioToolkitForShrinkSleeves.plugin\Spanish.lproj\
	                   2	h:\DeskPack18_A5\Localisation_Win\Esko\StudioToolkitForShrinkSleeves.plugin\zh_CN.lproj\
	                   2	h:\DeskPack18_A5\Localisation_Win\Esko\StudioToolkitForShrinkSleeves.plugin\zh_TW.lproj\
	                   1	h:\DeskPack18_A5\Localisation_Win\Esko\TextRecognition.plugin\
	                   2	h:\DeskPack18_A5\Localisation_Win\Esko\TextRecognition.plugin\English.lproj\
	                   2	h:\DeskPack18_A5\Localisation_Win\Esko\TextRecognition.plugin\French.lproj\
	                   2	h:\DeskPack18_A5\Localisation_Win\Esko\TextRecognition.plugin\German.lproj\
	                   2	h:\DeskPack18_A5\Localisation_Win\Esko\TextRecognition.plugin\Italian.lproj\
	                   2	h:\DeskPack18_A5\Localisation_Win\Esko\TextRecognition.plugin\Japanese.lproj\
	                   2	h:\DeskPack18_A5\Localisation_Win\Esko\TextRecognition.plugin\ko.lproj\
	                   2	h:\DeskPack18_A5\Localisation_Win\Esko\TextRecognition.plugin\Project\
	                   1	h:\DeskPack18_A5\Localisation_Win\Esko\TextRecognition.plugin\pt_BR.lproj\
	                   1	h:\DeskPack18_A5\Localisation_Win\Esko\TextRecognition.plugin\ru.lproj\
	                   2	h:\DeskPack18_A5\Localisation_Win\Esko\TextRecognition.plugin\Spanish.lproj\
	                   1	h:\DeskPack18_A5\Localisation_Win\Esko\TextRecognition.plugin\tessdata\
	                   2	h:\DeskPack18_A5\Localisation_Win\Esko\TextRecognition.plugin\zh_CN.lproj\
	                   2	h:\DeskPack18_A5\Localisation_Win\Esko\TextRecognition.plugin\zh_TW.lproj\
	                   0	h:\DeskPack18_A5\Localisation_Win\Esko\TIFFExport.plugin\
	                   2	h:\DeskPack18_A5\Localisation_Win\Esko\TIFFExport.plugin\English.lproj\
	                   2	h:\DeskPack18_A5\Localisation_Win\Esko\TIFFExport.plugin\French.lproj\
	                   2	h:\DeskPack18_A5\Localisation_Win\Esko\TIFFExport.plugin\German.lproj\
	                   2	h:\DeskPack18_A5\Localisation_Win\Esko\TIFFExport.plugin\Italian.lproj\
	                   2	h:\DeskPack18_A5\Localisation_Win\Esko\TIFFExport.plugin\Japanese.lproj\
	                   2	h:\DeskPack18_A5\Localisation_Win\Esko\TIFFExport.plugin\ko.lproj\
	                   1	h:\DeskPack18_A5\Localisation_Win\Esko\TIFFExport.plugin\pt_BR.lproj\
	                   1	h:\DeskPack18_A5\Localisation_Win\Esko\TIFFExport.plugin\ru.lproj\
	                   2	h:\DeskPack18_A5\Localisation_Win\Esko\TIFFExport.plugin\Spanish.lproj\
	                   2	h:\DeskPack18_A5\Localisation_Win\Esko\TIFFExport.plugin\zh_CN.lproj\
	                   2	h:\DeskPack18_A5\Localisation_Win\Esko\TIFFExport.plugin\zh_TW.lproj\
	                   0	h:\DeskPack18_A5\Localisation_Win\Esko\VariableData.plugin\
	                   3	h:\DeskPack18_A5\Localisation_Win\Esko\VariableData.plugin\English.lproj\
	                   3	h:\DeskPack18_A5\Localisation_Win\Esko\VariableData.plugin\French.lproj\
	                   3	h:\DeskPack18_A5\Localisation_Win\Esko\VariableData.plugin\German.lproj\
	                   3	h:\DeskPack18_A5\Localisation_Win\Esko\VariableData.plugin\Italian.lproj\
	                   3	h:\DeskPack18_A5\Localisation_Win\Esko\VariableData.plugin\Japanese.lproj\
	                   2	h:\DeskPack18_A5\Localisation_Win\Esko\VariableData.plugin\ko.lproj\
	                   2	h:\DeskPack18_A5\Localisation_Win\Esko\VariableData.plugin\pt_BR.lproj\
	                   2	h:\DeskPack18_A5\Localisation_Win\Esko\VariableData.plugin\ru.lproj\
	                   3	h:\DeskPack18_A5\Localisation_Win\Esko\VariableData.plugin\Spanish.lproj\
	                   3	h:\DeskPack18_A5\Localisation_Win\Esko\VariableData.plugin\zh_CN.lproj\
	                   3	h:\DeskPack18_A5\Localisation_Win\Esko\VariableData.plugin\zh_TW.lproj\
	                   0	h:\DeskPack18_A5\Localisation_Win\Esko\Viewer.plugin\
	                   0	h:\DeskPack18_A5\Localisation_Win\Esko\Viewer.plugin\Contents\
	                   0	h:\DeskPack18_A5\Localisation_Win\Esko\Viewer.plugin\Contents\Resources\
	                   7	h:\DeskPack18_A5\Localisation_Win\Esko\Viewer.plugin\Contents\Resources\Java\
	                   9	h:\DeskPack18_A5\Localisation_Win\Esko\Viewer.plugin\Contents\Windows\
	                   3	h:\DeskPack18_A5\Localisation_Win\Esko\Viewer.plugin\Contents\Windows\jre\
	                  55	h:\DeskPack18_A5\Localisation_Win\Esko\Viewer.plugin\Contents\Windows\jre\bin\
	                   2	h:\DeskPack18_A5\Localisation_Win\Esko\Viewer.plugin\Contents\Windows\jre\bin\server\
	                  24	h:\DeskPack18_A5\Localisation_Win\Esko\Viewer.plugin\Contents\Windows\jre\lib\
	                   1	h:\DeskPack18_A5\Localisation_Win\Esko\Viewer.plugin\Contents\Windows\jre\lib\amd64\
	                   5	h:\DeskPack18_A5\Localisation_Win\Esko\Viewer.plugin\Contents\Windows\jre\lib\cmm\
	                  12	h:\DeskPack18_A5\Localisation_Win\Esko\Viewer.plugin\Contents\Windows\jre\lib\ext\
	                   0	h:\DeskPack18_A5\Localisation_Win\Esko\Viewer.plugin\Contents\Windows\jre\lib\images\
	                   8	h:\DeskPack18_A5\Localisation_Win\Esko\Viewer.plugin\Contents\Windows\jre\lib\images\cursors\
	                   4	h:\DeskPack18_A5\Localisation_Win\Esko\Viewer.plugin\Contents\Windows\jre\lib\management\
	                   4	h:\DeskPack18_A5\Localisation_Win\Esko\Viewer.plugin\Contents\Windows\jre\lib\security\
	                   0	h:\DeskPack18_A5\Localisation_Win\Esko\Viewer.plugin\Contents\Windows\jre\lib\security\policy\
	                   2	h:\DeskPack18_A5\Localisation_Win\Esko\Viewer.plugin\Contents\Windows\jre\lib\security\policy\limited\
	                   2	h:\DeskPack18_A5\Localisation_Win\Esko\Viewer.plugin\Contents\Windows\jre\lib\security\policy\unlimited\
	                   3	h:\DeskPack18_A5\Localisation_Win\Esko\Viewer.plugin\English.lproj\
	                   3	h:\DeskPack18_A5\Localisation_Win\Esko\Viewer.plugin\French.lproj\
	                   3	h:\DeskPack18_A5\Localisation_Win\Esko\Viewer.plugin\German.lproj\
	                   3	h:\DeskPack18_A5\Localisation_Win\Esko\Viewer.plugin\Italian.lproj\
	                   3	h:\DeskPack18_A5\Localisation_Win\Esko\Viewer.plugin\Japanese.lproj\
	                   3	h:\DeskPack18_A5\Localisation_Win\Esko\Viewer.plugin\ko.lproj\
	                   1	h:\DeskPack18_A5\Localisation_Win\Esko\Viewer.plugin\pt_BR.lproj\
	                   1	h:\DeskPack18_A5\Localisation_Win\Esko\Viewer.plugin\ru.lproj\
	                   3	h:\DeskPack18_A5\Localisation_Win\Esko\Viewer.plugin\Spanish.lproj\
	                   3	h:\DeskPack18_A5\Localisation_Win\Esko\Viewer.plugin\zh_CN.lproj\
	                   3	h:\DeskPack18_A5\Localisation_Win\Esko\Viewer.plugin\zh_TW.lproj\
	                   0	h:\DeskPack18_A5\Localisation_Win\Esko\Visualizer.plugin\
	                   2	h:\DeskPack18_A5\Localisation_Win\Esko\Visualizer.plugin\English.lproj\
	                   2	h:\DeskPack18_A5\Localisation_Win\Esko\Visualizer.plugin\French.lproj\
	                   2	h:\DeskPack18_A5\Localisation_Win\Esko\Visualizer.plugin\German.lproj\
	                   2	h:\DeskPack18_A5\Localisation_Win\Esko\Visualizer.plugin\Italian.lproj\
	                   2	h:\DeskPack18_A5\Localisation_Win\Esko\Visualizer.plugin\Japanese.lproj\
	                   1	h:\DeskPack18_A5\Localisation_Win\Esko\Visualizer.plugin\ko.lproj\
	                   1	h:\DeskPack18_A5\Localisation_Win\Esko\Visualizer.plugin\pt_BR.lproj\
	                   1	h:\DeskPack18_A5\Localisation_Win\Esko\Visualizer.plugin\ru.lproj\
	                   2	h:\DeskPack18_A5\Localisation_Win\Esko\Visualizer.plugin\Spanish.lproj\
	                   2	h:\DeskPack18_A5\Localisation_Win\Esko\Visualizer.plugin\zh_CN.lproj\
	                   2	h:\DeskPack18_A5\Localisation_Win\Esko\Visualizer.plugin\zh_TW.lproj\
	                   0	h:\DeskPack18_A5\Localisation_Win\Esko\WebCenterConnector.plugin\
	                   2	h:\DeskPack18_A5\Localisation_Win\Esko\WebCenterConnector.plugin\English.lproj\
	                   2	h:\DeskPack18_A5\Localisation_Win\Esko\WebCenterConnector.plugin\French.lproj\
	                   2	h:\DeskPack18_A5\Localisation_Win\Esko\WebCenterConnector.plugin\German.lproj\
	                   2	h:\DeskPack18_A5\Localisation_Win\Esko\WebCenterConnector.plugin\Italian.lproj\
	                   2	h:\DeskPack18_A5\Localisation_Win\Esko\WebCenterConnector.plugin\Japanese.lproj\
	                   2	h:\DeskPack18_A5\Localisation_Win\Esko\WebCenterConnector.plugin\ko.lproj\
	                   1	h:\DeskPack18_A5\Localisation_Win\Esko\WebCenterConnector.plugin\pl.lproj\
	                   2	h:\DeskPack18_A5\Localisation_Win\Esko\WebCenterConnector.plugin\pt_BR.lproj\
	                   2	h:\DeskPack18_A5\Localisation_Win\Esko\WebCenterConnector.plugin\ru.lproj\
	                   2	h:\DeskPack18_A5\Localisation_Win\Esko\WebCenterConnector.plugin\Spanish.lproj\
	                   1	h:\DeskPack18_A5\Localisation_Win\Esko\WebCenterConnector.plugin\sv.lproj\
	                   2	h:\DeskPack18_A5\Localisation_Win\Esko\WebCenterConnector.plugin\zh_CN.lproj\
	                   2	h:\DeskPack18_A5\Localisation_Win\Esko\WebCenterConnector.plugin\zh_TW.lproj\
	                   0	h:\DeskPack18_A5\Localisation_Win\Esko\WhiteUnderprint.plugin\
	                   2	h:\DeskPack18_A5\Localisation_Win\Esko\WhiteUnderprint.plugin\English.lproj\
	                   2	h:\DeskPack18_A5\Localisation_Win\Esko\WhiteUnderprint.plugin\French.lproj\
	                   2	h:\DeskPack18_A5\Localisation_Win\Esko\WhiteUnderprint.plugin\German.lproj\
	                   2	h:\DeskPack18_A5\Localisation_Win\Esko\WhiteUnderprint.plugin\Italian.lproj\
	                   2	h:\DeskPack18_A5\Localisation_Win\Esko\WhiteUnderprint.plugin\Japanese.lproj\
	                   2	h:\DeskPack18_A5\Localisation_Win\Esko\WhiteUnderprint.plugin\ko.lproj\
	                   1	h:\DeskPack18_A5\Localisation_Win\Esko\WhiteUnderprint.plugin\pt_BR.lproj\
	                   1	h:\DeskPack18_A5\Localisation_Win\Esko\WhiteUnderprint.plugin\ru.lproj\
	                   2	h:\DeskPack18_A5\Localisation_Win\Esko\WhiteUnderprint.plugin\Spanish.lproj\
	                   2	h:\DeskPack18_A5\Localisation_Win\Esko\WhiteUnderprint.plugin\zh_CN.lproj\
	                   2	h:\DeskPack18_A5\Localisation_Win\Esko\WhiteUnderprint.plugin\zh_TW.lproj\

------------------------------------------------------------------------------

               Total    Copied   Skipped  Mismatch    FAILED    Extras
    Dirs :       647         0       647         0         0         0
   Files :      3746         0      3746         0         0         6
   Bytes :  512.58 m         0  512.58 m         0         0   26.09 m
   Times :   0:03:23   0:00:00                       0:00:00   0:03:23
   Ended : Wednesday, June 26, 2019 10:35:14 AM

### 2 Difference or error 
--- 2019-06-26 10:35:14.67 
Plugin extraction finished without error.
 
Sending the report... 
Mailing result: 0 
